Name,Hindu,Meaning,Origin_Notes,Danish_Pronunciation_Issues,Danish_Difficulty
Abarna,YES,Lord Bharani,Tamil,Retroflex R,MODERATE
Abha,YES,"Shine, light (Sanskrit)",Sanskrit,,EASY
Abhidnyaa,YES,Remembrance (Sanskrit),Sanskrit,"Retroflex D, Aspirated Dh",HARD
Abhipsa,YES,Strong desire (Sanskrit),Sanskrit,,EASY
Abhisri,YES,"Radiant, glorious (Sanskrit)",Sanskrit,Retroflex R,MODERATE
Abhyanga,YES,Oil massage (Sanskrit),Sanskrit,Aspirated Bh,MODERATE
Abi,YES,Goddess Parvati,Tamil,,EASY
Abinaya,YES,Expressions (Sanskrit),Sanskrit,J pronounced as Y,MODERATE
Abinayah,MAYBE,Combination of Abinaya and a suffix,Sanskrit combination,J pronounced as Y,MODERATE
Abira,YES,Strong (Sanskrit),Sanskrit,Retroflex R,MODERATE
Abirna,MAYBE,A variant of Abira,Variant of Abira,Retroflex R,MODERATE
Acchaya,MAYBE,"Unknown, possibly derived from Chhaya",Could be a variant of Chhaya,,EASY
Achan,MAYBE,Father (Malayalam),Malayalam,None,EASY
Achiraya,MAYBE,Protected by the Sun (combination of 'Achi' and 'Raya'),Could be a modern Sanskrit-inspired name,None,EASY
Adara,MAYBE,Noble,"Possible Sanskrit root, but more commonly Hebrew",None,EASY
Adheera,YES,Impatient (Sanskrit),Sanskrit,Dh will be pronounced as D,MODERATE
Adhina,YES,Lord (Sanskrit),Sanskrit,Dh will be pronounced as D,MODERATE
Adhira,YES,Lightning (Sanskrit),Sanskrit,Dh will be pronounced as D,MODERATE
Adhrita,YES,"Independent, Supportive (Sanskrit)",Sanskrit,"Dh will be pronounced as D, Retroflex T",HARD
Adhvika,YES,Unique (Sanskrit),Sanskrit,Dh will be pronounced as D,MODERATE
Adhya,YES,"First power, Unequalled (Sanskrit)",Sanskrit,,EASY
Adira,YES,"Strong (Hebrew origin, but used in India)",Hebrew/Indian,,EASY
Adithi,YES,"Freedom, Security (Sanskrit)",Sanskrit,Retroflex T,MODERATE
Aditi,YES,"Limitless, Free (Sanskrit)",Sanskrit,Retroflex T,MODERATE
Aditri,YES,"Supreme, Respected (Sanskrit)",Sanskrit,Retroflex T,MODERATE
Adrija,YES,"Of the mountains, another name for Parvati (Sanskrit)",Sanskrit,J will be pronounced as Y,MODERATE
Advaita,YES,Non-duality (Sanskrit),Sanskrit,Retroflex T,MODERATE
Advika,YES,World (Sanskrit),Sanskrit,,EASY
Advita,YES,Unique (Sanskrit),Sanskrit,Retroflex T,MODERATE
Adwita,YES,"Another spelling of Advaita, meaning Non-duality",Sanskrit,Retroflex T,MODERATE
Adya,YES,"First power, Unequalled (Sanskrit)",Sanskrit,,EASY
Agalvizhi,YES,Beauty of the eyes,Tamil,zh sound,HARD
Agalya,YES,"Wife of Gautama Rishi, freed from a curse by Rama",Hindu Mythological,,EASY
Agnila,YES,"Fire, flame (Sanskrit)",Sanskrit,,EASY
Agrin,MAYBE,,"May be a variant of Agriya, a name of Shiva",,EASY
Agrina,MAYBE,,"May be a variant of Agriya, a name of Shiva",,EASY
Ahalvizhi,YES,,Likely Tamil origin,zh/l sound,HARD
Ahalya,YES,Name of a character in the Ramayana,Sanskrit,,EASY
Ahana,YES,"Inner light, immortal",Sanskrit,,EASY
Ahanya,YES,One without any bad qualities,Sanskrit,,EASY
Ahona,YES,First ray of sunlight,Bengali,,EASY
Ahsoka,YES,Without sorrow,Sanskrit,,EASY
Ahaana,YES,First rays of the sun,Sanskrit,,EASY
Aira,MAYBE,Noble (Sanskrit related),Could be Sanskrit related but also found in other cultures,,EASY
Aish,MAYBE,"Bliss, Delight",Related to Aisha/Aishwarya,,EASY
Aisha,MAYBE,"Alive, Well-Living","Primarily Arabic, but could be a variant of Aishvarya",,EASY
Aishani,YES,Goddess Durga,Sanskrit,,EASY
Aishitha,YES,River Yamuna,Sanskrit,,EASY
Aishnavi,YES,Another name for Goddess Lakshmi,Sanskrit,,EASY
Aishreya,YES,Beautiful,Combination of Aishwarya and Shriya,,EASY
Aishsha,MAYBE,"Alive, Well-Living","Variant of Aisha, related to Aishwarya",,EASY
Aishu,YES,Variant of Aishwarya,Sanskrit,,EASY
Aishwari,YES,"Wealthy, Prosperous",Variant of Aishwarya,,EASY
Aishwarya,YES,"Wealth, prosperity",Sanskrit,,EASY
Aishwaryar,YES,"Wealth, prosperity","Sanskrit, extension of Aishwarya",Retroflex R,HARD
Aishwini,YES,Related to Goddess Lakshmi,Derived from Aishwarya,,EASY
Aishya,MAYBE,"Alive, Well-Living","Variant of Aisha, related to Aishwarya",,EASY
Aiya,MAYBE,Strength,"Related to Aiyan, an epithet of Lord Murugan",,EASY
Aja,MAYBE,Goat (Sanskrit),Can refer to the unborn or the supreme being. Though it's more common in other cultures.,,EASY
Ajna,YES,"Command, knowledge",Sanskrit,,EASY
Ajni,YES,Born of the sun,Sanskrit,,EASY
Ajooni,YES,Beyond birth,Punjabi/Sanskrit,,EASY
Ajaana,MAYBE,Ignorance (Sanskrit),Sanskrit,,EASY
Akanksha,YES,"Desire, wish (Sanskrit)",Sanskrit,,EASY
Akasha,YES,"Sky, ether (Sanskrit)",Sanskrit,,EASY
Akela,MAYBE,Alone (Hindi),Hindi,,EASY
Akhila,YES,Complete (Sanskrit),Sanskrit,,EASY
Akka,MAYBE,Elder sister (Tamil/Telugu),Tamil/Telugu,,EASY
Aksha,MAYBE,Soul (Sanskrit),Sanskrit,,EASY
Akshara,YES,Letter (Sanskrit),Sanskrit,,EASY
Akshaya,YES,Imperishable (Sanskrit),Sanskrit,,EASY
Akshiita,YES,"Permanent, indestructible (Sanskrit)",Sanskrit,,EASY
Akshithaa,YES,"Permanent, indestructible (Sanskrit)",Sanskrit,,EASY
Akshnaya,YES,Lord Vishnu (Sanskrit),Sanskrit,,EASY
Alakshiya,YES,"Aim, Goal (Sanskrit)",Sanskrit,ksh sounds will be difficult,HARD
Alaya,MAYBE,"Abode, Dwelling (Sanskrit)","Sanskrit, also Hebrew",,EASY
Alayah,MAYBE,"Abode, Dwelling (Sanskrit)","Sanskrit, also Hebrew",,EASY
Alayaa,MAYBE,"Abode, Dwelling (Sanskrit)",Sanskrit,,EASY
Aleema,MAYBE,"Learned, Wise (Arabic/Muslim)",Similar to Hindu name 'Alima',,EASY
Alia,MAYBE,"Exalted, noble (Arabic)","Arabic origin, but sometimes used in India. Could also be related to the name 'Ali'",,EASY
Aliah,MAYBE,"Exalted, noble (Arabic)","Arabic origin, but sometimes used in India. Could also be related to the name 'Ali'",,EASY
Alika,MAYBE,Defender of mankind,"Germanic/Slavic, also similar to Sanskrit names",,EASY
Alina,MAYBE,Silk of Heaven,"Greek/Slavic, similar to Sanskrit names",,EASY
Almaas,YES,Diamond,Hindi/Urdu,,EASY
Alpa,YES,"Small, delicate",Sanskrit,,EASY
Aluma,YES,"Maiden, Young girl","Hebrew, but could be used in India due to sound similarities",,EASY
Aluna,MAYBE,Star,"Indonesian, but could be adopted due to phonetic similarity with certain Sanskrit sounds",,EASY
Alya,MAYBE,"High, exalted, heaven (Arabic origin, could be associated with names of goddesses)","Arabic origin, but shares phonetic similarity with Hindu names",,EASY
Alyah,MAYBE,"High, exalted, heaven (Arabic origin, could be associated with names of goddesses)","Arabic origin, but shares phonetic similarity with Hindu names",,EASY
Ama,MAYBE,Mother (Sanskrit),Sanskrit,,EASY
Amaira,MAYBE,"Promising, beautiful (Hindi)",Hindi,,EASY
Amaiyaa,MAYBE,"Promising, beautiful (Hindi)",Hindi,,EASY
Amali,MAYBE,Hardworking (Hindi),Hindi,,EASY
Amara,YES,"Eternal, immortal (Sanskrit)",Sanskrit,,EASY
Amarah,MAYBE,"Eternal, immortal (Sanskrit) / Bitter (Hebrew)",Sanskrit and Hebrew,,EASY
Amareen,MAYBE,"Immortal, Beautiful",Sanskrit/Hindi combination,,MODERATE
Amaria,MAYBE,Eternal (Sanskrit),"Sanskrit origin, similar to Amara",,EASY
Amaraah,YES,"Eternal, immortal (Sanskrit)",Sanskrit,,EASY
Amaya,YES,Night rain,Sanskrit,,EASY
Amayah,MAYBE,,Variant of Amaya,,EASY
Ambika,YES,"Parvati, Mother",Sanskrit,,EASY
Ambikai,YES,"Parvati, Mother",Tamil variant of Ambika,,EASY
Ameyá,MAYBE,,"Possible variant of Amaya, but vowel is problematic",,EASY
Amida,YES,Nectar (Sanskrit),Sanskrit,,EASY
Amila,MAYBE,,"Might be related to Amla, the Indian gooseberry",,EASY
Amisha,YES,Beautiful (Sanskrit),Sanskrit,,EASY
Amita,YES,"Limitless, boundless (Sanskrit)",Sanskrit,,EASY
Amiya,YES,"Delightful, pleasing (Sanskrit)",Sanskrit,,EASY
Amiyah,MAYBE,,,,
Amma,YES,Mother (Tamil),Tamil,,EASY
Ammutha,YES,Pearl (Tamil),Tamil,,EASY
Amola,MAYBE,,,,
Amrita,YES,"Nectar, immortality (Sanskrit)",Sanskrit,,EASY
Amritha,YES,"Nectar, immortality (Sanskrit)",Sanskrit,Retroflex T,MODERATE
Amritpreet,YES,"Love of Nectar, Love of Immortality","Sanskrit, Punjabi",Retroflex T,MODERATE
Amrutha,YES,"Nectar, immortality (Sanskrit)",Sanskrit,Retroflex T,MODERATE
Amruthashri,YES,Nectar and Lakshmi (Goddess),Sanskrit,"Retroflex T, Shri sound",HARD
Amuda,YES,Nectar (Tamil),Tamil,,EASY
Amulya,YES,"Priceless, precious (Sanskrit)",Sanskrit,,EASY
Amutha,YES,Nectar (Tamil),Tamil,,EASY
Amya,MAYBE,,,,
Amyra,MAYBE,,,,
Amyrah,MAYBE,,,,
Anagha,YES,"Sinless, perfect (Sanskrit)",Sanskrit,,EASY
Anahat,YES,"Unstruck (Sanskrit, name of a chakra)",Sanskrit,Retroflex T,MODERATE
Anaika,YES,Powerful and Complete (Sanskrit),Sanskrit,,EASY
Anaisha,YES,Special (Sanskrit),Sanskrit,,EASY
Anamta,MAYBE,"Possibly a variant of Ananta, meaning endless or infinite",Sanskrit origin,,EASY
Ananditha,YES,Full of joy,Sanskrit origin,The 'th' sound may be difficult,MODERATE
Anannya,YES,"Unique, without a second",Sanskrit origin,Double 'n' sound,MODERATE
Ananta,YES,"Endless, infinite",Sanskrit origin,,EASY
Anantika,YES,Endless,Sanskrit origin,,EASY
Ananya,YES,"Unique, without a second",Sanskrit origin,,EASY
Ananyaa,YES,"Unique, without a second",Sanskrit origin,,EASY
Anaya,YES,Looking up to God,Sanskrit origin,,EASY
Anayah,MAYBE,"Possibly related to Anaya, meaning Looking up to God",Sanskrit origin,,EASY
Anchali,MAYBE,Folded hands in prayer,Possible Sanskrit Origin,,EASY
Aneeqa,MAYBE,"Elegant, beautiful (Arabic)","Arabic origin, sometimes used by Muslim Indians",,EASY
Aneesa,MAYBE,"Friendly, amicable (Arabic)","Arabic origin, sometimes used by Muslim Indians",,EASY
Aneka,MAYBE,Grace (Sanskrit),"Sanskrit, also Polish diminutive of Anna",,EASY
Anfal,MAYBE,"Spoils, bounty (Arabic)","Arabic origin, sometimes used by Muslim Indians",,EASY
Anfaal,MAYBE,"Spoils, bounty (Arabic)","Arabic origin, sometimes used by Muslim Indians",,EASY
Angeetha,YES,A name of Devi,"Hindu, related to Goddess Durga",aspirated 'th',HARD
Anicca,YES,Impermanence (Pali),"Pali, Buddhist concept adopted into some Hindu traditions",,EASY
Anidrananda,YES,Blissful freedom from sleep (Sanskrit),Sanskrit,d sounds like 'th',MODERATE
Aniika,MAYBE,Grace (Sanskrit: Anika),Sanskrit origin but common Nordic name,,EASY
Aniita,YES,Grace (Sanskrit: Anika),Sanskrit,,EASY
Anika,YES,Grace (Sanskrit),Sanskrit,,EASY
Anikaemilia,MAYBE,Grace (Sanskrit: Anika),Sanskrit origin but common Nordic name,,EASY
Anikaisabel,MAYBE,Grace (Sanskrit: Anika),Sanskrit origin but common Nordic name,,EASY
Anike,MAYBE,Grace (Sanskrit: Anika),Sanskrit origin but common Nordic name,,EASY
Anikha,YES,The face (Sanskrit),Sanskrit,kh sound,MODERATE
Anikka,MAYBE,Grace (Sanskrit: Anika),Sanskrit origin but common Nordic name,,EASY
Anikke,MAYBE,Grace (Sanskrit: Anika),Sanskrit origin but common Nordic name,,EASY
Anila,YES,Wind/Air (Sanskrit),Sanskrit,,EASY
Anisha,YES,Continuous/Unceasing (Sanskrit),Sanskrit,,EASY
Anita,YES,Grace (Sanskrit: Anika),Sanskrit,,EASY
Aníta,YES,Grace (Sanskrit: Anika),Sanskrit,,EASY
Anitabett,MAYBE,Grace (Sanskrit: Anika),Sanskrit origin but common Nordic name,,EASY
Anitacelline,MAYBE,Grace (Sanskrit: Anika),Sanskrit origin but common Nordic name,,EASY
Anitaelvina,MAYBE,Grace (Sanskrit: Anika),Sanskrit origin but common Nordic name,,EASY
Anitagaiaelea,MAYBE,Grace (Sanskrit: Anika),Sanskrit origin but common Nordic name,,EASY
Anitah,YES,Grace (Sanskrit: Anika),Sanskrit,,EASY
Anitalina,MAYBE,Grace (Sanskrit: Anika),Sanskrit origin but common Nordic name,,EASY
Anitalunahh,MAYBE,Grace (Sanskrit: Anika),Sanskrit origin but common Nordic name,,EASY
Anitamalina,MAYBE,Grace (Sanskrit: Anika),Sanskrit origin but common Nordic name,,EASY
Anitamaya,YES,Grace (Sanskrit: Anika) & Illusion/magic (Sanskrit),Sanskrit,,EASY
Anitha,YES,Grace (Sanskrit: Anika),Sanskrit,,EASY
Anitta,YES,Grace (Sanskrit: Anika),Sanskrit,,EASY
Anittakarinna,MAYBE,Grace (Sanskrit: Anika),Sanskrit origin but common Nordic name,,EASY
Anitaanastasia,MAYBE,Grace (Sanskrit: Anika),Sanskrit origin but common Nordic name,,EASY
Anjali,YES,Offering (Sanskrit),Sanskrit,None,EASY
Anjana,YES,Mother of Hanuman (Sanskrit),Sanskrit,None,EASY
Anji,MAYBE,A diminutive of Anjali/Anjana,Related to Anjali/Anjana,None,EASY
Anjuli,MAYBE,Related to Anjali,Variant of Anjali,None,EASY
Anjuna,YES,"Coastal village in Goa, India",Indian place name,None,EASY
Ankita,YES,Undefeated (Sanskrit),Sanskrit,None,EASY
Annahita,YES,The immaculate one,Persian name that is associated with the Hindu goddess Saraswati.,None,EASY
Annamihra,MAYBE,Anna (Grace) + Mihra (Persian/Indian Sun),Combination of Anna and Mihra (related to Mitra). Mihra has Iranian/Indian roots.,,EASY
Annamma,YES,Mother,South Indian (Tamil/Telugu),,EASY
Annaya,YES,"Without a leader, independent",Derived from Sanskrit (An-Naya).,,EASY
Anneka,MAYBE,Grace (Sanskrit: Anika),Sanskrit origin but common Nordic name,None,EASY
Annica,MAYBE,Grace,Variant of Annika (Sanskrit),,EASY
Annicka,MAYBE,Grace,Variant of Annika (Sanskrit),,EASY
Annieka,MAYBE,Grace,Variant of Annika (Sanskrit),,EASY
Annik,MAYBE,Grace,Variant of Annika (Sanskrit),,EASY
Annika,MAYBE,Grace,Sanskrit origin but common Nordic name,,EASY
Annike,MAYBE,Grace,Variant of Annika (Sanskrit),,EASY
Annikka,MAYBE,Grace,Variant of Annika (Sanskrit),,EASY
Anuka,MAYBE,"Little sister, atom (Sanskrit derivatives)",Possible Sanskrit derivative,,EASY
Anuki,MAYBE,"Little sister, atom (Sanskrit derivatives)",Possible Sanskrit derivative,,EASY
Anum,MAYBE,"Grace, blessing (Possible Sanskrit origin)",Possible Sanskrit/Indian origin but also used in other cultures,,EASY
Anuradha,YES,Following Radha; name of a star,Sanskrit,Retroflex D (dh sound),MODERATE
Anuschka,MAYBE,Grace (Sanskrit derivative),"Possible Sanskrit derivative, diminutive of Anna in some cultures",,EASY
Anusha,YES,"Beautiful, useful",Sanskrit,,EASY
Anushiya,YES,Non-jealous,Sanskrit,,EASY
Anushka,YES,Grace,Sanskrit,,EASY
Anushuya,YES,Non-jealous,Sanskrit,,EASY
Anuska,MAYBE,Grace (Sanskrit derivative),Possible Sanskrit derivative,,EASY
Anuskka,MAYBE,Grace (Sanskrit derivative),Possible Sanskrit derivative,,EASY
Anusree,YES,"Beautiful, radiant",Sanskrit,,EASY
Anvi,YES,One of Devi's names,Sanskrit,,EASY
Anvisha,YES,Goddess of knowledge,Sanskrit,,EASY
Anya,MAYBE,Grace (Sanskrit derivative),"Possible Sanskrit derivative, common Slavic name",,EASY
Anza,MAYBE,Possible Sanskrit derivative,"Possible Sanskrit derivative, also found in other cultures",,EASY
Apsarah,YES,Nymph/celestial maiden,Sanskrit,,EASY
Arani,YES,Sun (Sanskrit),Sanskrit,,EASY
Aranya,YES,Forest (Sanskrit),Sanskrit,,EASY
Arathana,YES,Prayer (Sanskrit),Sanskrit,Retroflex T is difficult,MODERATE
Arathi,YES,Worship (Sanskrit),Sanskrit,Retroflex T is difficult,MODERATE
Arati,YES,Worship (Sanskrit),Sanskrit,Retroflex T is difficult,MODERATE
Araya,MAYBE,"Noble, honorable, respectful (Sanskrit)","Sanskrit, also found in other cultures",,EASY
Archisha,YES,Ray of light,Sanskrit,The SH sound might be challenging,MODERATE
Arha,YES,Worshipper of Shiva,Sanskrit,,EASY
Aría,MAYBE,Noble (Sanskrit),Sanskrit origin but also found in other cultures,,EASY
Ariana,MAYBE,Noble (Sanskrit),"Sanskrit origin, but more often associated with Persian/Iranian cultures.",,EASY
Arianah,MAYBE,Noble (Sanskrit),"Sanskrit origin, but more often associated with Persian/Iranian cultures.",,EASY
Ariane,MAYBE,Noble (Sanskrit),"Sanskrit origin, but more often associated with Persian/Iranian cultures.",,EASY
Ariann,MAYBE,Noble (Sanskrit),"Sanskrit origin, but more often associated with Persian/Iranian cultures.",,EASY
Arianna,MAYBE,Noble (Sanskrit),"Sanskrit origin, but more often associated with Persian/Iranian cultures.",,EASY
Arianne,MAYBE,Noble (Sanskrit),"Sanskrit origin, but more often associated with Persian/Iranian cultures.",,EASY
Arieanna,MAYBE,Noble (Sanskrit),"Sanskrit origin, but more often associated with Persian/Iranian cultures.",,EASY
Arielledeva,MAYBE,Combination of Arielle (non-Hindu) and Deva (God),Combination of a Western name and Sanskrit Deva,,EASY
Ariëna,MAYBE,Noble (Sanskrit),"Sanskrit origin, but more often associated with Persian/Iranian cultures.",,EASY
Ariianne,MAYBE,Noble (Sanskrit),"Sanskrit origin, but more often associated with Persian/Iranian cultures.",,EASY
Arja,MAYBE,"Respectful, honorable (Sanskrit)",Sanskrit,,EASY
Arjam,YES,"Earned, acquired (Sanskrit)",Sanskrit,,EASY
Arjya,YES,Of noble origin (Sanskrit),Sanskrit,J will be pronounced as Y,HARD
Armita,YES,Desire (Sanskrit),Sanskrit,,EASY
Arna,MAYBE,"Wave, Sea (Sanskrit)","Sanskrit, but also Nordic",,EASY
Arohi,YES,A musical tune (Sanskrit),Sanskrit,,EASY
Arrushaa,YES,First rays of sun (Sanskrit),Sanskrit,Retroflex 'sh',MODERATE
Arsha,YES,Of Indian origin; devoted to God (Sanskrit),Sanskrit,Retroflex 'sh',MODERATE
Arshi,YES,First ray of sun (Sanskrit),Sanskrit,Retroflex 'sh',MODERATE
Arshika,YES,One who gives happiness (Sanskrit),Sanskrit,Retroflex 'sh',MODERATE
Arshiya,YES,Heavenly (Sanskrit),Sanskrit,"Retroflex 'sh', J will be pronounced as Y",HARD
Arshpreet,YES,Love for sky (Combination of Sanskrit),Sanskrit,"Retroflex 'sh', 'P'",HARD
Arthana,YES,To defeat all difficulties (Sanskrit),Sanskrit,,EASY
Arthira,YES,Star; sacred river (Sanskrit),Sanskrit,Retroflex 'r',MODERATE
Arthisha,YES,"Bright, radiant (Sanskrit)",Sanskrit,Retroflex 'sh',MODERATE
Aruna,YES,Reddish brown; dawn (Sanskrit),Sanskrit,,EASY
Arundhati,YES,"Name of a star, wife of sage Vasishtha (Sanskrit)",Sanskrit,Retroflex 'dh' sound.,HARD
Arushi,YES,Dawn (Hindi),Hindi,Retroflex 'sh' sound.,MODERATE
Aruthi,MAYBE,Aarathi - Worship with lamps (Hindu origin),Hindu origin,Retroflex 'th' sound at the end,MODERATE
Aruvi,YES,Waterfall (Tamil),Tamil,,EASY
Arveenpreet,YES,"Combination of Arveen and Preet, both Sikh/Punjabi names.",Sikh/Punjabi,,EASY
Ary,MAYBE,Noble (Sanskrit),"Sanskrit, but also used in other cultures.",,EASY
Aryah,MAYBE,Noble (Sanskrit),"Sanskrit, but also used in other cultures.",,EASY
Aryam,YES,My Jewel (Sanskrit),Sanskrit,,EASY
Aryama,YES,One of the Adityas (Sanskrit),Sanskrit,,EASY
Aryana,MAYBE,Noble (Sanskrit),"Sanskrit origin, but also a common Western name",,EASY
Aryanah,MAYBE,Noble (Sanskrit),"Sanskrit origin, but also a common Western name",,EASY
Aryanna,MAYBE,Noble (Sanskrit),"Sanskrit origin, but also a common Western name",,EASY
Asana,YES,A yogic posture (Sanskrit),Sanskrit,,EASY
Asanka,YES,Fearless (Sinhalese/Sanskrit Origin),Sanskrit,,EASY
Asha,YES,Hope (Sanskrit),Sanskrit,,EASY
Ashlesha,YES,Name of a Nakshatra (Sanskrit),Sanskrit,Retroflex 'sh' sound.,MODERATE
Ashmi,YES,I am (Sanskrit),Sanskrit,,EASY
Ashmika,YES,"A soft, gentle breeze (Sanskrit)",Sanskrit,,EASY
Ashmira,YES,"Combination of Ashmi and Mira, hope, beautiful, devoted (Sanskrit)",Sanskrit,,EASY
Ashmiya,YES,A Gem (Sanskrit),Sanskrit,,EASY
Ashna,YES,Friend (Sanskrit),Sanskrit,,EASY
Ashu,YES,Quick (Sanskrit),Sanskrit,,EASY
Ashva,YES,Horse (Sanskrit),Sanskrit,,EASY
Ashvika,YES,Little mare (Sanskrit),Sanskrit,,EASY
Ashvini,YES,Name of a Nakshatra (Sanskrit),Sanskrit,,EASY
Ashvitha,YES,Strong (Sanskrit),Sanskrit,Retroflex 'th' sound.,MODERATE
Ashwika,YES,Goddess (Sanskrit),Sanskrit,,EASY
Ashwini,YES,Name of a Nakshatra (Sanskrit),Sanskrit,,EASY
Ashaana,YES,"Desire, wish (Sanskrit)",Sanskrit,,EASY
Asila,MAYBE,,"Similar to Asil, meaning 'noble' in Arabic. Could be Hindu due to phonetic similarity to names with 'Asi-' prefix but not definitive.",,EASY
Asima,YES,"Limitless, Boundless",Sanskrit,,EASY
Asiri,MAYBE,,"Could be a regional variant of a Hindu name, or related to names starting with 'Sri'",,EASY
Asitha,YES,One who has reached,Sanskrit,th will be pronounced as t,MODERATE
Asmanika,MAYBE,,Possibly a modern invented name based on 'Asman' (sky in Hindi) and '-ika' suffix,,MODERATE
Asmara,MAYBE,,"Could be considered related to 'Smara' which is a name for Kama, Hindu God of Love",,EASY
Asmata,YES,Very strong,Sanskrit,,EASY
Asmi,YES,I am,Sanskrit,,EASY
Asmin,MAYBE,,Related to Asmi or a modern invented name. Phonetically Hindu-sounding.,,EASY
Asmina,MAYBE,,Related to Asmi or a modern invented name. Phonetically Hindu-sounding.,,EASY
Asmita,YES,"Pride, Self-respect",Sanskrit,,EASY
Asmitha,YES,One who is proud,Sanskrit,th will be pronounced as t,MODERATE
Astamaja,MAYBE,,Combination of Asta and Maya. 'Maya' is Hindu. 'Asta' has non-Hindu origin.,,EASY
Astamaya,MAYBE,,Combination of Asta and Maya. 'Maya' is Hindu. 'Asta' has non-Hindu origin.,,EASY
Asya,MAYBE,Rising sun,Could be related to Aditya (sun),,EASY
Atarangi,MAYBE,Rainbow,Related to 'rang' - color in Hindi,Retroflex 'ng' sound,MODERATE
Atharsha,MAYBE,The destruction of sin,Similar to Atharva (knowledge of the Vedas),Retroflex R sound,MODERATE
Athira,YES,"Prayer, quick",Malayalam,Retroflex R,MODERATE
Athirai,YES,Name of a star,Tamil,Retroflex R,MODERATE
Aurinaya,MAYBE,"A name with 'Auri' and 'Naya' which can be new. Thus, new light.",combination of light and new in sanskrit,,EASY
Avalokita,YES,One who sees/perceives the world (Sanskrit),Sanskrit,,EASY
Avanee,YES,The Earth (Sanskrit),Sanskrit,,EASY
Avani,YES,The Earth (Sanskrit),Sanskrit,,EASY
Avantika,YES,Ujjain city in India (Sanskrit),Sanskrit,,EASY
Avaruna,MAYBE,Combination of 'Ava' (meaning earth/protection) and 'Varuna' (God of water),Sanskrit origin,,EASY
Aveera,YES,"Courageous, Strong (Sanskrit)",Sanskrit,,EASY
Avika,YES,"Sunrays, Charm",Sanskrit,,EASY
Avin,YES,Beauty,Sanskrit,,EASY
Avîn,YES,Beauty,Sanskrit,,EASY
Avina,YES,Praise,Sanskrit,,EASY
Avinoor,MAYBE,,"Combination of Indian Avin and Noor, could be used in a Hindu family.",,EASY
Avira,YES,"Brave, Strong",Sanskrit,Retroflex R,MODERATE
Avirah,YES,"Brave, Strong",Sanskrit,Retroflex R,MODERATE
Avisha,YES,Gift,Sanskrit,,EASY
Avleen,YES,"Merged with, Engrossed",Punjabi,,EASY
Avnoor,MAYBE,,"Combination of Indian Avin and Noor, could be used in a Hindu family.",,EASY
Aya,MAYBE,"Miracle (Hebrew), also found in Japanese and other cultures. Could be a short form of Ayana.","Multiple origins, could be related to Ayana",,EASY
Ayana,YES,Mirror (Sanskrit),Sanskrit,,EASY
Ayla,MAYBE,"Halo, moonlight",Could be related to Sanskrit word for moon.,,EASY
Ayra,MAYBE,Respectable; vision (Sanskrit),Sanskrit possible origin,,EASY
Ayrah,MAYBE,Respectable; vision (Sanskrit),Sanskrit possible origin,,EASY
Ayu,YES,Life (Sanskrit),Sanskrit,,EASY
Ayudhi,YES,"Weapon, Armed (Sanskrit)",Sanskrit,,EASY
Ayushi,YES,Long life (Sanskrit),Sanskrit,Sh is pronounced differently,MODERATE
Badra,MAYBE,Full moon (Sanskrit),Sanskrit,,EASY
Bagga,MAYBE,,Could potentially be related to Bagga clan name found in Indian communities.,,EASY
Bahni,YES,River (Sanskrit),Sanskrit,,EASY
Bala,YES,Young (Sanskrit),Sanskrit,,EASY
Balida,YES,"Mighty, strong (Sanskrit)",Sanskrit,,EASY
Baluna,MAYBE,"The moon, power, strength (Sanskrit)",Sanskrit but rare as a standalone name,,EASY
Bani,YES,Goddess Saraswati; speech (Sanskrit),Sanskrit,,EASY
Banni,YES,Forest (Hindi),Hindi,,EASY
Bansari,YES,Flute (Sanskrit),Sanskrit,,EASY
Banu,YES,"Sun, woman (Sanskrit)",Sanskrit,,EASY
Barathi,YES,Name of Goddess Saraswati (Tamil),Tamil,,EASY
Basant,YES,Spring (Sanskrit),Sanskrit/Hindi,,EASY
Basonti,MAYBE,Related to spring (Basant) (Sanskrit/Hindi),Variation of Basanti,,EASY
Bavasri,YES,"Possibly a combination of names, Sri refers to Lakshmi.",Sanskrit/Indian,,MODERATE
Bavisha,YES,Future,Sanskrit,,EASY
Bavneet,YES,The greatness of meditation and Naam,"Sikhism, Punjabi",,EASY
Bawani,YES,Goddess Parvati,Sanskrit,,EASY
Beena,YES,Pleasant,Indian,,EASY
Bejna,MAYBE,Possibly related to names with Sanskrit roots.,"Unclear, potentially Indian influence.",,EASY
Beri,MAYBE,Thunder,Beri (Sanskrit),,EASY
Bhairavi,YES,A Raga in Indian classical music; also a form of Devi,Sanskrit,"Bh will be pronounced as B, retroflex R",HARD
Bhalia,MAYBE,,Possibly related to Bhala (spear),Bh pronounced as B,MODERATE
Bhani,YES,Radiant,Sanskrit,Bh pronounced as B,MODERATE
Bharathi,YES,Goddess Saraswati,Sanskrit,"Bh pronounced as B, retroflex R, aspirated Th",HARD
Bharati,YES,Goddess Saraswati,Sanskrit,"Bh pronounced as B, retroflex R",HARD
Bhavagna,YES,One who destroys fear.,Sanskrit,Bh will be pronounced as B,MODERATE
Bhavana,YES,"Feelings, emotions",Sanskrit,Bh will be pronounced as B,MODERATE
Bhavayami,YES,I imagine,Sanskrit,Bh will be pronounced as B,MODERATE
Bhavika,YES,"Cheerful, emotional",Sanskrit,Bh will be pronounced as B,MODERATE
Bhavita,YES,"Person who knows the future, Lord Vishnu",Sanskrit,Bh will be pronounced as B,MODERATE
Bhavya,YES,"Grand, splendid",Sanskrit,Bh will be pronounced as B,MODERATE
Bhavyasai,YES,,Combination of Bhavya (grand) and Sai (Indian spiritual figure),Bh will be pronounced as B,MODERATE
Bidhi,YES,Fate/Destiny,Bengali,,EASY
Bina,YES,Melodious,Sanskrit,,EASY
Bindi,YES,A dot worn on the forehead,Hindi,,EASY
Bindu,YES,"Point, drop",Sanskrit,,EASY
Birla,YES,A specific Hindu caste/surname,Indian,,EASY
Bisma,MAYBE,Smile (Arabic) / Woman of great learning (Indian interpretation),Arabic and potentially Indian,,EASY
Brahna,MAYBE,Possibly related to Brahma,Possible Sanskrit origin,,EASY
Bristi,YES,Rain (Bengali),Bengali,,EASY
Brunda,YES,"Holy Basil, a sacred plant in Hinduism.",Sanskrit,,EASY
Buana,YES,Woman (Indonesian/Malay),Indonesian/Malay (with Hindu influence),,EASY
Buddi,YES,Wise (Hindi),Hindi,,EASY
Busana,MAYBE,Clothing (Sanskrit),Sanskrit,,EASY
Baajvir,YES,Brave warrior (Punjabi),Punjabi,,EASY
Baani,YES,"Word, speech (Punjabi)",Punjabi,,EASY
Candra,MAYBE,"Shining, brilliant (variant of Chandra)",Sanskrit,,EASY
Carna,MAYBE,Ear (related to Karna),Related to Karna from Mahabharata,,EASY
Catalaya,MAYBE,,Sounds like a variant of Cataleya which sounds similar to Hindu names with 'laya',,EASY
Catalea,MAYBE,,Sounds like a variant of Cataleya which sounds similar to Hindu names with 'laya',,EASY
Cataleya,MAYBE,,Sounds similar to Hindu names with 'laya'.,,EASY
Cataleyah,MAYBE,,Sounds similar to Hindu names with 'laya'.,,EASY
Catalia,MAYBE,,Sounds similar to Hindu names with 'tali'.,,EASY
Cataliya,MAYBE,,Sounds similar to Hindu names with 'tali'.,,EASY
Cathalaya,MAYBE,,"Similar to Catalaya, sounds like Hindu names with 'laya'",,EASY
Cathalea,MAYBE,,"Similar to Cataleya, sounds like Hindu names with 'laya'",,EASY
Cathaleya,MAYBE,,"Similar to Cataleya, sounds like Hindu names with 'laya'",,EASY
Cathalia,MAYBE,,"Similar to Catalia, sounds like Hindu names with 'tali'",,EASY
Cha,MAYBE,Possibly related to Chaya (shade/shadow),Could be a shortened form of a name related to Chaya.,,EASY
Chahat,YES,"Desire, Love (Hindi)",Hindi,H is aspirated,MODERATE
Chaithrika,YES,"Auspicious, pure",Sanskrit,Th sound will not be aspirated,MODERATE
Chalisa,YES,Forty verse prayer in Hindi,Hindi,None,EASY
Chameli,YES,Jasmine,Hindi,None,EASY
Chamila,YES,Possibly related to Chameli (Jasmine),Likely derived from Hindi,None,EASY
Chana,MAYBE,Chickpea,Hebrew & Sanskrit,None,EASY
Chanan,YES,"Sight, vision, eyes",Hebrew and Sanskrit,None,EASY
Chanda,YES,Moon,Sanskrit,None,EASY
Chandana,YES,Sandalwood,Sanskrit,None,EASY
Chandni,YES,Moonlight,Hindi,None,EASY
Chandragita,YES,Song of the Moon,Sanskrit,None,EASY
Chandrani,YES,Wife of the Moon,Sanskrit,None,EASY
Chandravali,YES,Name associated with Radha in Krishna legends,Sanskrit,None,EASY
Chandrika,YES,Moonlight,Sanskrit,None,EASY
Chandaa,YES,Moon,Sanskrit,None,EASY
Channa,MAYBE,Chickpea,Hebrew & Sanskrit,None,EASY
Channan,YES,"Sight, vision, eyes",Hebrew and Sanskrit,None,EASY
Chanti,YES,Peace,Sanskrit variation of Shanti,None,EASY
Chantika,MAYBE,Peaceful,Variation of Shanti/Chanti. Possible Thai influence,None,EASY
Chantra,YES,Moon,Cambodian/Thai - related to Chandra/Moon,None,EASY
Chantrea,YES,Moon,Cambodian/Thai - related to Chandra/Moon,None,EASY
Chanvika,YES,Related to light or fame,Modern Indian name,None,EASY
Chanya,YES,Worthy,Sanskrit,None,EASY
Charin,MAYBE,Beautiful eyed one,Likely variant of Charu+Netra,None,EASY
Charina,MAYBE,"Beautiful, lovely",Possibly from Charu,None,EASY
Charita,YES,"Good, well conducted",Sanskrit,None,EASY
Chariya,YES,"To walk, behave, conduct oneself",Sanskrit,None,EASY
Chaya,YES,Shadow (Sanskrit),Sanskrit,,EASY
Chayamon,MAYBE,,,,
Chayana,MAYBE,,,,
Chella,MAYBE,,,,
Chhaya,YES,Shadow/Reflection (Sanskrit),Sanskrit,,EASY
Chinar,MAYBE,Possibly related to 'Chinar tree' common in Kashmir,Possible Kashmiri origin,,EASY
Chinmayi,YES,Blissful (Sanskrit),Sanskrit,,EASY
Chintan,YES,Thought/Meditation (Sanskrit),Sanskrit,,EASY
Chintana,YES,"Thought, contemplation (Sanskrit)",Sanskrit,,EASY
Chira,YES,Long-lasting (Sanskrit),Sanskrit,,EASY
Choden,MAYBE,"Best, Superior (Tibetan)","Tibetan origin, but some Tibetan names are adopted by Hindus, especially those with Buddhist influence",None,EASY
Chola,YES,Name of a dynasty in South India,South Indian Dynastic Name,None,EASY
Cholamangai,YES,Name associated with the Chola dynasty and Mangai,"South Indian, combination of Chola and Mangai",None,EASY
Chowdhary,YES,Landowner,Indian surname/title,,EASY
Crisha,MAYBE,Possibly related to Krishna,"Sounds similar to Krishna, could be a modern variation",,EASY
Daksha,YES,"Skill, expert",Sanskrit,,EASY
Dakshara,MAYBE,Skilled one,Sanskrit,Retroflex R,MODERATE
Dakshika,MAYBE,Daughter of Daksha,Sanskrit,,EASY
Damajanthi,YES,A character in Mahabharata,Sanskrit,"retroflex N, Th",HARD
Damini,YES,Lightning,Sanskrit,Retroflex N,MODERATE
Danendra,MAYBE,Lord of Charity,Combination of Dana (charity) and Indra (lord),None,EASY
Danu,YES,Goddess of water and fertility,Sanskrit,None,EASY
Darsha,MAYBE,To See,Variant of Darshana (Sanskrit),Sh sound,MODERATE
Darshika,YES,Visionary,Sanskrit,Sh sound,MODERATE
Dayanita,MAYBE,,"Sounds Hindu, possibly a variant of Diana with Indian suffix. Could be a creative invented name.",,EASY
Debadrita,YES,One who is loved by all,Sanskrit,Retroflex 'd' in 'drita',MODERATE
Debopriya,YES,Beloved of God,Sanskrit,,EASY
Dechen,MAYBE,Great bliss (Tibetan),Tibetan Buddhism influence is felt in some regions of India,,EASY
Deeksha,YES,"Initiation, consecration",Sanskrit,,EASY
Deepa,YES,"Lamp, light",Sanskrit,,EASY
Deepali,YES,Collection of lamps,Sanskrit,,EASY
Deepika,YES,A little light,Sanskrit,,EASY
Deerasree,YES,Goddess Lakshmi; Auspicious light,Sanskrit,Retroflex 'r' in 'sree',MODERATE
Deetya,YES,Answer of prayers,Sanskrit,Retroflex 't',MODERATE
Deeya,YES,"Lamp, light",Sanskrit variant spelling of Deepa,,EASY
Dekyong,MAYBE,"Happiness, well-being (Tibetan origin)",Tibetan Buddhism influence is felt in some regions of India,,EASY
Dena,MAYBE,Possibly from Sanskrit 'deena' (humble),Sanskrit origin possible,,EASY
Denika,MAYBE,Possibly related to Sanskrit 'Dinika' (small day),Sanskrit origin possible,,EASY
Desaniya,MAYBE,"Possibly derived from 'Desha' (country, region)","Related to Desha, Sanskrit",,EASY
Deshna,YES,Offering,Sanskrit origin,,EASY
Devaiya,MAYBE,,Sounds like a combination of Devi (goddess) and a suffix,,EASY
Devananda,YES,Divine bliss,Sanskrit,,EASY
Devani,YES,Divine,Sanskrit,,EASY
Devanshi,YES,"Divine, part of God",Sanskrit,sh sound,MODERATE
Devi,YES,Goddess,Sanskrit,,EASY
Devika,YES,Little goddess,Sanskrit,,EASY
Devina,YES,Like a Goddess,Sanskrit,,EASY
Devira,MAYBE,,Sounds like a combination of Devi (goddess) and a suffix,Retroflex R,MODERATE
Devni,MAYBE,,Sounds like a combination of Devi (goddess) and a suffix,,EASY
Devya,YES,Divine,Sanskrit,,EASY
Dewa,YES,God,Sanskrit/Balinese,,EASY
Dewi,YES,Goddess,Sanskrit/Balinese,,EASY
Dhana,YES,Wealth,Sanskrit,,EASY
Dhanistha,YES,A star in Hindu astrology,Sanskrit,"Aspirated 'Dh', 'sh' sound",HARD
Dhansika,YES,Goddess Lakshmi,Indian,"Aspirated 'Dh', 'sh' sound",HARD
Dhanvi,YES,Wealthy,Sanskrit,"Aspirated 'Dh', V softens to W",MODERATE
Dhanvika,YES,Goddess Lakshmi,Indian,"Aspirated 'Dh', V softens to W",MODERATE
Dhara,YES,Earth,Sanskrit,"Aspirated 'Dh', Retroflex R",HARD
Dharma,YES,"Duty, righteousness, religion",Sanskrit,"Aspirated 'Dh', Retroflex R",HARD
Dharmika,YES,Religious,Sanskrit,"Aspirated 'Dh', Retroflex R",HARD
Dharshana,YES,"Seeing, vision, philosophy",Sanskrit,"Aspirated 'Dh', 'sh' sound, Retroflex R",HARD
Dhatri,YES,"Earth, mother",Sanskrit,"Aspirated 'Dh', Retroflex R",HARD
Dhevira,MAYBE,,Sounds like a combination of Devi (goddess) and a suffix,"Aspirated 'Dh', Retroflex R",MODERATE
Dhiviya,YES,Divine brilliance,Tamil/Sanskrit,"Aspirated 'Dh', V softens to W",MODERATE
Dhiyana,YES,Meditation,Sanskrit,Aspirated 'Dh',MODERATE
Dhreya,YES,Patience,Sanskrit,Aspirated 'Dh',MODERATE
Dhrisha,YES,Mountain Lord,Sanskrit,"Aspirated 'Dh', sh sound",HARD
Dhriti,YES,"Courage, Morale, Steadiness, Command",Sanskrit,Aspirated 'Dh',MODERATE
Dhruthi,YES,Motion,Sanskrit,Aspirated 'Dh',MODERATE
Diksha,YES,Initiation (Sanskrit),Sanskrit,,EASY
Dilara,MAYBE,Heart-adorned (Persian/Turkish),"Persian origin, used in some Indian communities",,EASY
Dilâra,MAYBE,Heart-adorned (Persian/Turkish),"Persian origin, used in some Indian communities",,EASY
Dilhani,MAYBE,Possibly combination of Dil (heart) and Hani (grace),Could be Persian-derived name used in Sri Lanka,,EASY
Dilraaj,MAYBE,King of hearts,Combination of Dil (heart) and Raaj (king). Potentially Hindi origin,,EASY
Dimple,YES,Small depression on the skin,"English word, used as a name in India",,EASY
Dinanshi,MAYBE,Combination of Din (day) and Anshi (part),"Modern Indian name, possibly Hindi",,EASY
Disha,YES,Direction (Sanskrit),Sanskrit,,EASY
Dishi,YES,Direction (Sanskrit),Sanskrit,,EASY
Dishita,YES,One who knows about direction (Sanskrit),Sanskrit,,EASY
Dita,YES,Answered prayer (Sanskrit),Sanskrit,,EASY
Ditya,YES,One who answers prayers (Sanskrit),Sanskrit,,EASY
Diva,YES,Divine (Sanskrit),Sanskrit,,EASY
Divan,YES,Royal court (Sanskrit/Hindi),Sanskrit/Hindi,,EASY
Divana,MAYBE,Divine (Sanskrit),Sanskrit,,EASY
Divia,YES,Divine luster (Sanskrit),Sanskrit,,EASY
Divina,MAYBE,Divine (Sanskrit),Sanskrit,,EASY
Divinah,MAYBE,Divine (Sanskrit),Sanskrit,,EASY
Divine,MAYBE,Divine (Sanskrit),Sanskrit,,EASY
Divisha,YES,Goddess Durga (Sanskrit),Sanskrit,,EASY
Diviya,YES,Divine luster (Sanskrit),Sanskrit,,EASY
Divya,YES,Divine luster (Sanskrit),Sanskrit,,EASY
Divyá,YES,Divine luster (Sanskrit),Sanskrit,,EASY
Divyanshi,YES,Part of the divine power (Sanskrit),Sanskrit,,EASY
Divyasri,YES,Divine light (Sanskrit),Sanskrit,,EASY
Divyesh,YES,Lord of gods (Sanskrit),Sanskrit,,EASY
Divaana,MAYBE,Divine (Sanskrit),Sanskrit,,EASY
Diwa,MAYBE,"light, lamp (from Sanskrit 'diva')",Sanskrit,,EASY
Djhelum,MAYBE,"Name of a river in Kashmir, India",Derived from Sanskrit river name,,EASY
Dolma,MAYBE,"Tibetan name, meaning 'Tara' (Buddhist deity). Could be associated with Tibetan Buddhism influence within Hinduism.",Tibetan,,EASY
Dosha,YES,"Fault, defect, blemish (Sanskrit)",Sanskrit,,EASY
Drisana,MAYBE,Daughter of the Sun,"Related to Sanskrit roots, similar to 'Arisana'",,EASY
Drisha,MAYBE,Mountain Lord,"Another form of Lord Ganesha, and 'Sight'",,EASY
Drishi,YES,Sight,"Sanskrit, means vision or sight",,EASY
Dristi,YES,"Sight, Vision","Sanskrit, means vision or sight.",,EASY
Durga,YES,Invincible,"Sanskrit - Name of a principal goddess, a form of Devi",,EASY
Dwija,YES,Twice-born (Sanskrit),Sanskrit,,MODERATE
Dwiti,YES,Second (Sanskrit),Sanskrit,,EASY
Dyanita,YES,Combination of names like Dya (divine) and Anita,Indian,,EASY
Dyuthi,YES,"Light, splendour (Sanskrit)",Sanskrit,,EASY
Daakshya,YES,"Skilful, clever (Sanskrit)",Sanskrit,,MODERATE
Edha,YES,"Wealth, perfection",Sanskrit,,EASY
Eelanila,YES,Moon (Tamil),Tamil,,EASY
Eelapriya,YES,Beloved Moon (Tamil),Tamil,,EASY
Eelavili,YES,Moon's arch (Tamil),Tamil,,EASY
Eema,YES,Mother,Hindi,,EASY
Eesha,YES,Goddess Parvati,Sanskrit,,EASY
Eknoor,YES,One Light,Sikh Name - Punjabi,,EASY
Ekta,YES,"Unity, Oneness",Hindi,,EASY
Ela,MAYBE,Cardamom tree (Sanskrit),"Sanskrit, also Hebrew",,EASY
Elah,MAYBE,Cardamom tree (Sanskrit),"Sanskrit, also Hebrew",,EASY
Elakia,MAYBE,,Sounds potentially South Indian,,EASY
Elakiya,MAYBE,,Sounds potentially South Indian,,EASY
Elakya,MAYBE,,Sounds potentially South Indian,,EASY
Elara,MAYBE,,Appears in some Hindu texts,,EASY
Elaya,MAYBE,,Sounds potentially South Indian,,EASY
Elina,MAYBE,,"Could be related to names with similar sounds found across multiple cultures including possible slight Sanskrit roots, but mostly used outside of Hindu naming conventions.",,EASY
Elína,MAYBE,,"Could be related to names with similar sounds found across multiple cultures including possible slight Sanskrit roots, but mostly used outside of Hindu naming conventions.",,EASY
Eliora,MAYBE,"My God is light (Hebrew), but sometimes seen as similar to Hindu-sounding names","Hebrew, but has vowel similarities",,EASY
Eliyana,MAYBE,,"Could be linked to names with similar sounds, has potential overlap in usage, but not distinctly Hindu. Might be associated due to phonetic similarities",,EASY
Eliyanah,MAYBE,,"Could be linked to names with similar sounds, has potential overlap in usage, but not distinctly Hindu. Might be associated due to phonetic similarities",,EASY
Eliyanna,MAYBE,,"Could be linked to names with similar sounds, has potential overlap in usage, but not distinctly Hindu. Might be associated due to phonetic similarities",,EASY
Elora,MAYBE,"Light (possibly related to 'Alora', Spanish)","Similar to 'Ellora', a famous cave temple in India. Could be Hindu-sounding.",,EASY
Ena,MAYBE,The first,"Could be from Sanskrit root, but is also common in other cultures",,EASY
Era,MAYBE,Wind (Sanskrit),Sanskrit,,EASY
Eranda,YES,Castor plant,Sanskrit,,EASY
Eranika,MAYBE,,"Possibly Sanskrit origin, but unclear specific meaning",,EASY
Erina,MAYBE,,Possible connection to names like Erin/Irene but sometimes used in India,,EASY
Erisa,MAYBE,,"Sound is similar to names used in South India, though no concrete meaning.",,EASY
Erisha,MAYBE,,Similar sounding to names from India but not distinctly Hindu.,Sh sound,MODERATE
Ermila,MAYBE,,"Sounds similar to 'Nirmala' and similar Indian names, but meaning is unclear.",,EASY
Erum,MAYBE,Paradise,"Muslim, sometimes used in India",,EASY
Esha,YES,Desire (Sanskrit),Sanskrit,Sh sound,MODERATE
Eshal,MAYBE,,Similar to Esha but might be a modern variant/spelling,Sh sound,MODERATE
Eshita,YES,One who desires,Sanskrit,"Sh sound, retroflex T",HARD
Eshaal,MAYBE,,Variant spelling of Eshal,Sh sound,MODERATE
Eta,MAYBE,Bright/radiant,Possibly from Sanskrit 'eti' meaning 'going',,EASY
Etasha,MAYBE,Shining,"Similar to Aesha, Aasha which are names used in India",,EASY
Eva,MAYBE,,"Hebrew origin, but used in many cultures including India",,EASY
Éva,MAYBE,,"Hebrew origin, but used in many cultures including India",,EASY
Êva,MAYBE,,"Hebrew origin, but used in many cultures including India",,EASY
Evah,MAYBE,,"Hebrew origin, but used in many cultures including India",,EASY
Evamaya,MAYBE,,Combination of Eva (Hebrew) and Maya (Sanskrit),,EASY
Evanshi,YES,,Combination of Eva and Anshi (part of),,EASY
Ève,MAYBE,,"Hebrew origin, but used in many cultures including India",,EASY
Evimaya,MAYBE,A possible combination of Western name Evi and Hindu Maya,Combined Western and Sanskrit,,EASY
Ezhilnila,YES,A beautiful combination of names meaning beautiful moon,Tamil,zh sound (Malayalam/Tamil),HARD
Falak,MAYBE,"Sky, universe (Arabic/Persian origin, sometimes used in India)","Arabic/Persian origin, used in India",,EASY
Farha,MAYBE,"Happiness, joy (Arabic/Persian, used in India)","Arabic/Persian origin, used in India",,EASY
Farhat,MAYBE,"Joy, delight (Arabic/Persian, used in India)","Arabic/Persian origin, used in India",,EASY
Farheen,MAYBE,"Happy, joyous (Persian/Urdu, used in India)","Persian/Urdu origin, used in India",,EASY
Faria,MAYBE,"(Possible variant of Arabic/Persian names, used in India)","Arabic/Persian origin, used in India",,EASY
Farida,MAYBE,"Unique, precious (Arabic/Persian, used in India)","Arabic/Persian origin, used in India",,EASY
Fariha,MAYBE,"Happy, joyous (Arabic/Persian, used in India)","Arabic/Persian origin, used in India",,EASY
Farisha,MAYBE,"(Possible variant of Arabic/Persian names, used in India)","Arabic/Persian origin, used in India",,EASY
Farishta,YES,"Angel (Persian/Urdu, used in India; may be used by Muslim Indians; less common among Hindus but possible)","Persian/Urdu origin, used in India",,EASY
Fazila,MAYBE,"Excellent, virtuous","Arabic/Persian origin, similar sounding names exist in India",,EASY
Gaja,MAYBE,Elephant (Sanskrit),Sanskrit,,EASY
Gajakrishni,MAYBE,Combination of Gaja (Elephant) and Krishna (Lord Krishna),Sanskrit,,MODERATE
Gana,YES,"Host, troop, multitude (Sanskrit)",Sanskrit,,EASY
Ganah,MAYBE,"Host, troop, multitude (Sanskrit)",Sanskrit,,EASY
Ganga,YES,"The Ganges river, sacred river in Hinduism",Sanskrit,,EASY
Ganika,MAYBE,"Flower (Sanskrit), also a celestial nymph",Sanskrit,,EASY
Gargee,YES,Name of a learned woman in ancient India,Sanskrit,,EASY
Gargi,YES,Name of a learned woman in ancient India,Sanskrit,,EASY
Gargimaya,YES,Combination of Gargi (learned woman) and Maya (illusion),Sanskrit,,EASY
Garima,YES,"Warmth, pride (Sanskrit)",Sanskrit,,EASY
Gauri,YES,"White, brilliant; another name for Parvati",Sanskrit,,EASY
Gaya,MAYBE,"Style, manner",Sanskrit origin but found in other cultures as well,,EASY
Gayathiri,YES,"Goddess Gayatri, a form of Saraswati",Sanskrit,,EASY
Gayathri,YES,"Goddess Gayatri, a form of Saraswati",Sanskrit,,EASY
Gayatri,YES,"Goddess Gayatri, a form of Saraswati",Sanskrit,,EASY
Gayatria,MAYBE,"Goddess Gayatri, a form of Saraswati",Sanskrit but with a Latin-style ending.,,EASY
Geerthana,MAYBE,"Song, Hymn, a devotional song. From Kirtana",Likely a Tamil variant of Kirtana,Th can be difficult,MODERATE
Geeta,YES,Song,Sanskrit,,EASY
Geetika,YES,A little song,Sanskrit,,EASY
Giitha,MAYBE,Song,Related to 'Gita' in Sanskrit,,EASY
Girvani,YES,Goddess Parvati,"Sanskrit, name of Parvati",,EASY
Gita,YES,Song (Sanskrit),Sanskrit,,EASY
Gitanjali,YES,Offering of songs (Sanskrit),Sanskrit,,EASY
Githa,YES,Song (Sanskrit),Sanskrit,,EASY
Giti,YES,Song (Sanskrit),Sanskrit - diminutive of Gita,,EASY
Gitta,YES,Song (Sanskrit),Sanskrit - variation of Gita,,EASY
Gnana,YES,Knowledge (Sanskrit),Sanskrit,,EASY
Gobika,YES,"Cowherd girl (Sanskrit), devotee of Krishna",Sanskrit,,EASY
Goda,MAYBE,"God (Old Norse) / A name of Andal, a Tamil Vaishnavite saint.",Norse/Tamil,,EASY
Godha,YES,"A name of Andal, a Tamil Vaishnavite saint.",Tamil,,EASY
Gowri,YES,Fair woman (Sanskrit),Sanskrit,,EASY
Guddi,YES,Doll (Hindi),Hindi,,EASY
Gunjan,YES,"Humming, buzzing (Hindi)",Hindi,None,EASY
Gunreet,MAYBE,Virtuous,Combination of Gun (virtue) and Reet,None,EASY
Gunwant,YES,Virtuous (Hindi),Hindi,None,EASY
Gurbani,YES,The Guru's word (Punjabi),"Punjabi, Sikhism",None,EASY
Gurjinder,YES,Victorious Guru (Punjabi),"Punjabi, Sikhism",None,EASY
Gurkirat,YES,Guru's singing/praise (Punjabi),"Punjabi, Sikhism",None,EASY
Gurnaz,YES,Pride of the Guru (Punjabi),"Punjabi, Sikhism",None,EASY
Gurpreet,YES,Love of the Guru (Punjabi),"Punjabi, Sikhism",None,EASY
Gursanjh,YES,Understanding of the Guru (Punjabi),"Punjabi, Sikhism",None,EASY
Gya,YES,Knowledge (Sanskrit),Sanskrit,None,EASY
Haima,MAYBE,Golden (Sanskrit),Sanskrit,,EASY
Hali,MAYBE,Plowman (Sanskrit),Sanskrit,,EASY
Halia,MAYBE,Rememberance of God (Arabic)/ Possibly related to Hali (Sanskrit),Arabic/Sanskrit Possible,,EASY
Hamsah,MAYBE,Swan (Sanskrit),Sanskrit,,EASY
Hamsini,YES,A woman who rides a swan (Sanskrit),Sanskrit,,EASY
Hana,MAYBE,"Happiness, Flower (Multiple origins including Sanskrit)",Multiple origins including Sanskrit,,EASY
Hanishkaa,YES,Sweet (Sanskrit),Sanskrit,,EASY
Hanna,MAYBE,Grace (Related to Sanskrit origins via Hebrew),Related to Sanskrit origins via Hebrew,,EASY
Hannah,MAYBE,Grace (Related to Sanskrit origins via Hebrew),Related to Sanskrit origins via Hebrew,,EASY
Hansa,YES,Swan (Sanskrit),Sanskrit,,EASY
Hansini,YES,Swan (Sanskrit),Sanskrit,,EASY
Hanvika,YES,"Goddess Lakshmi (Combination of Hanvi, another name for Lakshmi, and suffix -ka)",Indian,,EASY
Hanvitha,YES,Goddess Lakshmi,Indian,,EASY
Harika,YES,Wonderful,Sanskrit,,EASY
Harini,YES,"Deer, another name of Parvati",Sanskrit,Retroflex N,MODERATE
Harleen,YES,Absorbed in God,Punjabi,,EASY
Harmani,YES,From the name of the Lord,Sikh,,EASY
Harmaninder,YES,Dwelling in the Lord's mind,Sikh,Retroflex N,MODERATE
Harmeet,YES,Friend of God,Punjabi/Sikh,Retroflex T,MODERATE
Harnaaz,YES,Pride of Hari,Punjabi/Sikh,,EASY
Harsha,YES,"Happiness, Joy, Delight",Sanskrit,Retroflex R,MODERATE
Harshika,YES,"Happiness, Joy, Delight",Sanskrit,Retroflex R,MODERATE
Harshini,YES,Cheerful,Sanskrit,"Retroflex R, Retroflex N",HARD
Harshita,YES,Full of Joy,Sanskrit,"Retroflex R, Retroflex T",HARD
Haruka,MAYBE,,"Japanese, but sounds similar to Sanskrit names",,EASY
Harvi,YES,Battle worthy,Sanskrit,V will soften to W,EASY
Hasini,YES,Pleasant,Sanskrit,Retroflex N,MODERATE
Hasita,YES,Laughing,Sanskrit,Retroflex T,MODERATE
Hasvi,YES,Auspicious,Telugu,V will soften to W,EASY
Hasvitha,YES,Happy,Telugu,"V will soften to W, Retroflex T",MODERATE
Havanur,YES,Fire place,Kannada/Sanskrit,Retroflex R,MODERATE
Havisha,YES,Goddess Lakshmi,Sanskrit,"Retroflex SH, V will soften to W",HARD
Haya,MAYBE,"Shyness, modesty (Sanskrit)","Sanskrit, also Arabic",,EASY
Hayaa,MAYBE,"Shyness, modesty (Sanskrit)","Sanskrit, also Arabic",,EASY
Heena,MAYBE,Henna plant,"Hindi origin, common in India",,EASY
Heer,YES,Diamond (Punjabi),Punjabi origin,,EASY
Hela,MAYBE,,Could be related to Sanskrit 'Hela' meaning a trick/joke or movement,,EASY
Hema,YES,Golden (Sanskrit),Sanskrit,,EASY
Hemala,YES,"Garland of snow, golden",Sanskrit,,EASY
Henna,MAYBE,Mehndi plant (Sanskrit derived),Sanskrit derived (but used in other cultures),,EASY
Hera,MAYBE,"Name of a deity, means 'queen', may relate to the Sanskrit word 'Hri' meaning 'to take, carry'","Greek origin, but similar-sounding Sanskrit roots",,EASY
Heshan,YES,"Loving, Compassionate, Kind Hearted",Sinhala,,EASY
Hila,MAYBE,Sparkle,Hebrew or Sanskrit origin. Used in India,,EASY
Hilmamaya,MAYBE,Combination of Hilma and Maya,"Combination name, Maya is a Hindu name",,EASY
Hilya,MAYBE,Ornament,"May be associated as variation of Hilya in Islamic origin, similar sounding to Hindu names",,EASY
Himadi,YES,"Cool, refreshing",Sanskrit,,EASY
Himadri,YES,Snowy mountain,Sanskrit,,EASY
Himadrita,YES,"Another name for Goddess Parvati, the one who resides on the Himalayas.",Sanskrit,retroflex D,MODERATE
Himalaya,YES,Abode of snow,Sanskrit,,EASY
Himali,YES,Ice,Sanskrit,,EASY
Himangi,YES,Having golden body,Sanskrit,ng sound,MODERATE
Himani,YES,"Goddess Parvati, Made of snow, As cold as ice",Sanskrit,,EASY
Himaya,YES,Snow,Sanskrit,,EASY
Hina,YES,Henna,Sanskrit/Hindi,,EASY
Hindola,YES,A Raga (musical mode),Sanskrit,,EASY
Hira,MAYBE,Diamond,"Arabic/Persian origin, but similar sounding to Hindu names",,EASY
Hiranmayi,YES,Golden,Sanskrit,,EASY
Hiranya,YES,Gold,Sanskrit,,EASY
Hithika,YES,Full of happiness,Indian,,EASY
Homa,MAYBE,Sacrificial fire,Related to the Sanskrit word Homa,,EASY
Hosika,MAYBE,,"Similar to some Sanskrit names ending in -ika, but not a well-known name",,EASY
Hridanshi,YES,Part of the heart,Sanskrit,Retroflex D and N,HARD
Hriddita,YES,Having heart,Sanskrit,Retroflex D,HARD
Hridika,YES,Of the heart,Sanskrit,Retroflex D,HARD
Hridvi,YES,From the heart,Sanskrit,Retroflex D,HARD
Hrithika,YES,Truthful,Sanskrit,Retroflex Th,HARD
Hritvi,YES,"Right guidance, happy",Sanskrit,Retroflex T,HARD
Hritvika,YES,Joy of love,Sanskrit,Retroflex T,HARD
Hyma,MAYBE,Possibly related to Hima (snow),"Could be related to Sanskrit Hima, but not a common name",,EASY
Haashini,YES,Pleasant,Indian,sh sound,MODERATE
Ida,MAYBE,Industrious one,"While common in Europe, Ida also appears in Hindu mythology as another name for Ila. Ila is a Hindu mythological figure known for changing gender. Difficult to definitively claim Hindu",,EASY
Iða,MAYBE,Industrious one,See Ida,,EASY
Idacaroline,MAYBE,Combination,See Ida,,EASY
Idacecilie,MAYBE,Combination,See Ida,,EASY
Idaemilia,MAYBE,Combination,See Ida,,EASY
Idah,MAYBE,Industrious one,See Ida,,EASY
Idahella,MAYBE,Combination,See Ida,,EASY
Idahlia,MAYBE,Combination,See Ida,,EASY
Idajoanna,MAYBE,Combination,See Ida,,EASY
Idajoye,MAYBE,Combination,See Ida,,EASY
Idakamille,MAYBE,Combination,See Ida,,EASY
Idalene,MAYBE,Combination,See Ida,,EASY
Idavennila,YES,Moonlight (Tamil),Tamil,Hard to pronounce 'zh/l' sound (Tamil),HARD
Idhant,YES,Luminous (Sanskrit),Sanskrit,Hard 'dh' sound.,HARD
Idhaya,YES,Heart (Tamil),Tamil,Pronunciation of 'dh' may be difficult.,MODERATE
Ila,YES,"Earth, speech (Sanskrit)",Sanskrit,,EASY
Ilakkiya,YES,Literature (Tamil),Tamil,,MODERATE
Ilakshmi,YES,Lakshmi,Variant of Lakshmi,,MODERATE
Ilaxmi,YES,Lakshmi,Variant of Lakshmi,,MODERATE
Imaya,MAYBE,Possibly related to Maya,Sounds like a variation of Maya,,EASY
Inara,MAYBE,Ray of light (possible Sanskrit origin),"Possible Sanskrit root, but also found in other cultures",,EASY
Inba,YES,"Happiness, joy",Tamil,,EASY
India,MAYBE,From India,"Refers to the country, but used as a name",,EASY
Indía,MAYBE,From India,"Refers to the country, but used as a name",,EASY
Indiah,MAYBE,From India,"Refers to the country, but used as a name",,EASY
Indira,YES,"Beauty, splendour",Sanskrit,,EASY
Indirani,YES,Indira + Rani (Queen),Sanskrit,,EASY
Indiraa,YES,"Beauty, splendour",Sanskrit,,EASY
Indiya,MAYBE,From India,"Refers to the country, but used as a name",,EASY
Indra,YES,Possessing raindrops,Sanskrit - King of Gods,,EASY
Indraja,YES,Daughter of Indra,Sanskrit,"J will be pronounced as Y, making it Indraya",MODERATE
Inika,MAYBE,Small Earth,Possibly related to Sanskrit 'Anika' (grace) and Nordic name Inga.,,EASY
Inira,MAYBE,Powerful,"Similar to Indira, but less common, possibly Russian/Slavic",,EASY
Inisha,YES,"Goddess Parvati, Queen of all","Hindu, Sanskrit",,EASY
Iniya,YES,Sweet,Tamil origin,,EASY
Iniyah,YES,Sweet,Tamil origin (variant of Iniya),,EASY
Innaya,YES,"Variant of Inaya; solicitude, care, protection",Arabic/Muslim or Hindu origin,,EASY
Inthu,YES,The Moon,Tamil origin,,EASY
Inaara,YES,"Shining, radiant; light",Hindi/Sanskrit,,EASY
Inaaya,YES,Gift from God,Hindi/Sanskrit/Arabic,,EASY
Inaayah,YES,Gift from God,Hindi/Sanskrit/Arabic,,EASY
Isha,YES,"Desire, goddess (Sanskrit)",Sanskrit,,EASY
Ishana,YES,Lord Shiva; rich (Sanskrit),Sanskrit,,EASY
Ishani,YES,"Close to God, Sent by God (Sanskrit)",Sanskrit,,EASY
Ishanvi,YES,Parvati (combination of Ishan and Devi),Sanskrit,V often softens to W,MODERATE
Ishara,MAYBE,"Hint, sign (Sanskrit)","Sanskrit, but also used in other cultures",,EASY
Ishaya,MAYBE,Divine; one who is close to God (Sanskrit),"Sanskrit, also similar sounding to Hebrew name Isaiah",J pronounced as Y (Yshaya),MODERATE
Ishori,YES,Another name for Goddess Parvati,Sanskrit,,EASY
Ishwa,YES,Powerful (related to Ishwar/Ishvara),Sanskrit,,EASY
Ishwarya,YES,"Wealth, Prosperity (Sanskrit)",Sanskrit,V often softens to W,MODERATE
Ishya,MAYBE,Spring,Sanskrit origin but can be used in other cultures,J pronounced as Y (Yshya),MODERATE
Ishaanve,YES,Goddess Parvati,Sanskrit,V often softens to W,MODERATE
Isuri,YES,River (Sanskrit),Sanskrit,,EASY
Jaga,MAYBE,World/universe (one interpretation),"Related to Jagat (world), but very ambiguous.",,EASY
Jagdishwari,YES,Goddess of the world,Sanskrit,"Retroflex D, Sh and R are difficult. The 'i' at the end is a long 'ee' sound.",HARD
Jaina,MAYBE,Victorious,Related to Jainism.,,EASY
Jaini,MAYBE,Relating to Jainism,Related to Jainism,,EASY
Jakshaa,MAYBE,Female Yaksha (nature spirit),Sanskrit,Sh sound.,MODERATE
Jamuna,YES,Yamuna river,"Variant of Yamuna, a sacred river in Hinduism",,EASY
Janani,YES,Mother,Sanskrit,,EASY
Janavi,YES,Ganga (river),"Sanskrit, another name for the Ganges river.",V sounds like W,EASY
Jani,MAYBE,"Life, wife","Indian origin, name of Goddess",,EASY
Jania,MAYBE,God is gracious,Biblical but has similar sounds to Indian names.,,EASY
Janini,MAYBE,"Born, produced","Possible derived meaning, sounds related to Sanskrit root Jan.",,EASY
Janisa,MAYBE,God is gracious,"Combination of 'Jan' and 'Isa'. Could be of multiple origins, including variations of Jane.",,EASY
Janna,MAYBE,"Heaven, paradise","Arabic origin, but sounds similar to Sanskrit names and used in India.",,EASY
Jannah,MAYBE,"Heaven, paradise","Arabic origin, but sounds similar to Sanskrit names and used in India.",,EASY
Jannat,MAYBE,"Heaven, paradise","Arabic origin, but sounds similar to Sanskrit names and used in India.",,EASY
Jannath,MAYBE,"Heaven, paradise","Arabic origin, but sounds similar to Sanskrit names and used in India.",,EASY
Jannatul,MAYBE,Garden of paradise,"Arabic origin, but sounds similar to Sanskrit names and used in India.",,EASY
Janti,MAYBE,"Woman, lady","Sounds similar to Indian names, but not directly translatable.",,EASY
Janusha,YES,A name of Goddess Lakshmi,Hindu Goddess name,,EASY
Janvi,YES,Ganga - the river,"Derived from Ganga, a holy river.",,EASY
Janya,MAYBE,"Life, Born",Sound derived from Sanskrit root 'Jan'.,,EASY
Japjijyot,YES,Light of the soul reciting Japji,Sikh/Punjabi name relating to reciting Japji Sahib,J will become Y; 'jyot' will be 'yyot',MODERATE
Japmehar,YES,Reciting the grace,Sikh/Punjabi name meaning 'reciting the grace/kindness'.,,EASY
Japneet,YES,Reciting with love,Sikh/Punjabi name meaning 'reciting with love'.,,EASY
Jara,MAYBE,Spring,Slavic but potentially similar sounding to Hindu names.,,EASY
Jasdeep,YES,Light of fame,Sikh/Punjabi name meaning 'Light of fame'.,,EASY
Jasgun,YES,Virtues of fame,Sikh/Punjabi name meaning 'Virtues of fame'.,,EASY
Jashanpreet,YES,Love for celebrations,Sikh/Punjabi name meaning 'Love for celebrations'.,,EASY
Jashmin,MAYBE,,"Variant of Jasmine, possibly influenced by South Asian naming conventions.",J will be pronounced as Y,MODERATE
Jasleen,YES,Absorbed in God's praise (Sikh),"Punjabi origin, often used by Sikhs and Hindus",J will be pronounced as Y,MODERATE
Jasmeen,MAYBE,,"Variant of Jasmine, common in South Asia",J will be pronounced as Y,MODERATE
Jasmiin,MAYBE,,"Variant of Jasmine, possibly influenced by South Asian naming conventions.",J will be pronounced as Y,MODERATE
Jasmina,MAYBE,Jasmine flower,"Persian origin, common across many cultures including South Asia",J will be pronounced as Y,MODERATE
Jasmine,MAYBE,Jasmine flower,"Persian origin, common across many cultures including South Asia",J will be pronounced as Y,MODERATE
Jasreet,YES,Righteous fame (Sikh),"Punjabi origin, often used by Sikhs",J will be pronounced as Y,MODERATE
Jassmin,MAYBE,,"Variant of Jasmine, possibly influenced by South Asian naming conventions.",J will be pronounced as Y,MODERATE
Jassmina,MAYBE,Jasmine flower,"Variant of Jasmine, common across many cultures including South Asia",J will be pronounced as Y,MODERATE
Jassmine,MAYBE,Jasmine flower,"Variant of Jasmine, common across many cultures including South Asia",J will be pronounced as Y,MODERATE
Jasveen,YES,Victorious fame (Sikh),"Punjabi origin, often used by Sikhs","J will be pronounced as Y, V might soften to W",MODERATE
Jasvika,YES,Fame and strength,Modern Indian name,"J will be pronounced as Y, V might soften to W",MODERATE
Jatila,YES,One with matted hair (a characteristic of ascetics); another name of Goddess Durga,Sanskrit,,EASY
Jaya,YES,Victory,Sanskrit,"J will be pronounced as Y, making it Yaya",HARD
Jayatri,YES,Name of a sacred mantra,Sanskrit,"J will be pronounced as Y, making it Yayatri",HARD
Jazmin,MAYBE,Jasmine flower,"Variant of Jasmine, common across many cultures including South Asia",J will be pronounced as Y,MODERATE
Jázmin,MAYBE,Jasmine flower,"Variant of Jasmine, common across many cultures including South Asia",J will be pronounced as Y,MODERATE
Jazmina,MAYBE,Jasmine flower,"Variant of Jasmine, common across many cultures including South Asia",J will be pronounced as Y,MODERATE
Jazmine,MAYBE,Jasmine flower,"Variant of Jasmine, common across many cultures including South Asia",J will be pronounced as Y,MODERATE
Jazsmina,MAYBE,Jasmine flower,"Variant of Jasmine, common across many cultures including South Asia",J will be pronounced as Y,MODERATE
Jazzmin,MAYBE,Jasmine flower,"Variant of Jasmine, common across many cultures including South Asia",J will be pronounced as Y,MODERATE
Jeeshitha,YES,,Indian,,EASY
Jeeva,YES,"Life, living (Sanskrit)",Sanskrit,,EASY
Jeevajyoti,YES,Light of life (Sanskrit),Sanskrit,"J will be pronounced as Y, making it Yeevajyoti",HARD
Jeevashana,YES,,Indian,,EASY
Jeevashanu,YES,,Indian,,EASY
Jeevasulosana,YES,,Indian,,MODERATE
Jenisha,MAYBE,,"Sounds like a feminized version of 'Janesh', a name of Lord Vishnu",,EASY
Jeshna,MAYBE,,Sounds like a modern twist on traditional Hindu names,,EASY
Jeshaanaa,MAYBE,,Sounds like a modern twist on traditional Hindu names,,EASY
Jesta,MAYBE,,"Remotely similar to Sita, or a very modern invention",,EASY
Jeta,YES,,"Similar to Sita, sometimes shortened",,EASY
Jeya,YES,Victory,Tamil,J pronounced as Y,MODERATE
Jeyanthini,YES,,Tamil,J pronounced as Y,MODERATE
Jija,MAYBE,Respect (Hindi),Hindi,J will be pronounced as Y,EASY
Jina,MAYBE,Victorious (Sanskrit),"Sanskrit, but also found in other cultures",J will be pronounced as Y,EASY
Jinal,YES,Lord Vishnu,Indian,J will be pronounced as Y,EASY
Jinda,MAYBE,Alive (Punjabi),Punjabi,J will be pronounced as Y,EASY
Jisha,YES,The feeling (Sanskrit),Sanskrit,J will be pronounced as Y,EASY
Jithasree,YES,Victorious beauty,Indian,"J will be pronounced as Y, retroflex 'shree'",HARD
Jiven,YES,Life (Hindi),Hindi,J will be pronounced as Y,EASY
Jiya,YES,"Heart, Sweetheart (Hindi)",Hindi,J will be pronounced as Y,EASY
Jiyajot,YES,Light of the heart (Sikh),Sikh/Punjabi,J will be pronounced as Y,MODERATE
Joanmaya,MAYBE,Combines Joan (Hebrew) with Maya (illusion in Sanskrit),Combination of Hebrew/Western name and Sanskrit,,EASY
Jonisha,MAYBE,,"May resemble Isha, but the combination is not typical",J will be pronounced as Y,MODERATE
Jothy,YES,Light/flame,Tamil/Sanskrit equivalent of Jyoti,"J will be pronounced as Y, creating Yothy",HARD
Joti,YES,Light/flame,Hindi/Sanskrit variant of Jyoti,"J will be pronounced as Y, creating Yoti",HARD
Jotkirn,YES,radiant light/divine beam,"Combination of Jyoti and Kirn, of Sanskrit origin","J will be pronounced as Y, creating Yotkirn, retroflex 'r' sound",HARD
Joya,MAYBE,Jewel/joy,"Could be related to Jyoti, or simply an English name with a similar sound","J will be pronounced as Y, creating Yoya",MODERATE
Juhaina,MAYBE,,"Similar to Juhaynah, possibly Arabic origin",J will be pronounced as Y,MODERATE
Juhi,YES,Jasmine flower,Hindi,J will be pronounced as Y,EASY
Jui,YES,Flower,Bengali,J will be pronounced as Y,EASY
Jyothi,YES,Light/flame (Sanskrit),Sanskrit,"J will be pronounced as Y, making it Yyothi",HARD
Jyoti,YES,Light/flame (Sanskrit),Sanskrit,"J will be pronounced as Y, making it Yyoti",HARD
Jyotima,YES,Luminous/bright (Sanskrit),Sanskrit,"J will be pronounced as Y, making it Yyotima",HARD
Jaanu,MAYBE,"Life, Soul","Related to Hindi, but not widely used",,EASY
Jaanvi,YES,Ganga - the river (daughter of Jahnu),Sanskrit,,EASY
Ka,MAYBE,Lord Brahma,Sanskrit,,EASY
Kaenat,MAYBE,Universe,Derived from Kainat/Kainaat,,EASY
Kahenat,MAYBE,Universe,Derived from Kainat/Kainaat,,EASY
Kaina,MAYBE,Young woman,Possible origin in India,,EASY
Kainat,YES,Universe,"Urdu/Persian/Arabic origin, also used in India",,EASY
Kainaat,YES,Universe,"Urdu/Persian/Arabic origin, also used in India",,EASY
Kaira,MAYBE,"Peaceful, shining","Similar to 'Kairaavi', a raga. Also could be Western",,EASY
Kajanitha,MAYBE,A name with possible connections to Hindu deities or regional variations of existing names.,Sounds like a regional name in India,,EASY
Kalai,YES,Art (Tamil),Tamil,,EASY
Kalawathy,YES,Name of a raga in Carnatic music.,Indian,,EASY
Kalaya,YES,"Bud, blossom",Sanskrit origin,,EASY
Kalia,YES,Lord Krishna (one interpretation),Sanskrit origin,,EASY
Kalima,MAYBE,"A form of Kali; Goddess of time, death, and change.",Derived from Kali,,EASY
Kalimaya,MAYBE,Illusion of Kali,Combination of Kali and Maya,,EASY
Kalkie,MAYBE,"Variant of Kalki, 10th avatar of Vishnu",Derived from Kalki,,EASY
Kalpana,YES,Imagination (Sanskrit),Sanskrit,,EASY
Kalyani,YES,"Auspicious, beautiful",Sanskrit,,EASY
Kamala,YES,Lotus,Sanskrit,,EASY
Kamalavalli,YES,Garland of lotuses,Sanskrit,,MODERATE
Kamalia,MAYBE,,Could be derived from Kamala but more likely Arabic,,EASY
Kamaya,MAYBE,,Could be derived from 'Kama' (love/desire),,EASY
Kamila,MAYBE,,Could be related to Kamala but also Slavic in origin,,EASY
Kamilla,MAYBE,,Could be related to Kamala but more likely Slavic/European,,EASY
Kamina,MAYBE,,Could be derived from 'Kama' (love/desire),,EASY
Kamini,YES,Desirable woman,Sanskrit,,EASY
Kamla,YES,Lotus,"Sanskrit, variant spelling of Kamala",,EASY
Kana,MAYBE,,"Also a Japanese name, could be related to Krishna",,EASY
Kanchan,YES,Gold,Sanskrit,,EASY
Kaniha,MAYBE,,Appears to be South Indian name,,EASY
Kanimoli,YES,Sweet speech,Tamil,,EASY
Kanisha,YES,Beautiful,Sanskrit,,EASY
Kannika,YES,Virgin,Sanskrit,,EASY
Kanta,YES,Beautiful,Sanskrit,,EASY
Kanteera,YES,Singer of songs,Sanskrit,Retroflex T,MODERATE
Kanva,YES,Name of a sage,Sanskrit,,EASY
Kanya,YES,"Girl, daughter",Sanskrit,,EASY
Kareena,MAYBE,,Could be a variation of Karina or related to Karna,,EASY
Karima,MAYBE,"Generous, noble (Arabic origin), also related to Lakshmi/Karma","Arabic, but possible relation to Hindu names.",,EASY
Karishma,YES,Miracle,Hindi,,EASY
Karna,YES,"Name of a Mahabharata Hero, first son of Kunti",Sanskrit,,EASY
Karndeep,YES,Lamp of Grace,"Punjabi/Sanskrit, combination of Karan (grace) and Deep (lamp)",,EASY
Karnika,YES,Earring,Sanskrit,,EASY
Kartava,MAYBE,One who completes actions (could be derived from Sanskrit),Possible Sanskrit origin,,EASY
Karthika,YES,Name of a star/constellation (Pleiades),Sanskrit,,EASY
Kartika,YES,Name of a star/constellation (Pleiades),Sanskrit,,EASY
Karuna,YES,"Compassion, kindness (Sanskrit)",Sanskrit,,EASY
Karunya,YES,"Compassionate, kind (Sanskrit)",Sanskrit,Ya sound may be difficult for some Danes,MODERATE
Kasalina,MAYBE,,"Sounds Hindu, but not a recognized name. Could be a variant of a known name",,EASY
Kasha,MAYBE,,"Could be a variant or short form of Kashmira, not a common Hindu name on its own",,EASY
Kashi,YES,"Luminous, holy city (Varanasi) (Sanskrit)",Sanskrit,,EASY
Kashia,MAYBE,,Likely a variant of Kashi. Might be Polish,,EASY
Kashmira,YES,From Kashmir region (Sanskrit),Sanskrit,,EASY
Kashmitha,MAYBE,,"Sounds Hindu, possibly a modern name",Retroflex 'th' sound,MODERATE
Kashni,MAYBE,,Sounds like it could be a derivative of Kashmira or related to Krishna,,EASY
Kashvi,YES,"Shining, bright (Sanskrit)",Sanskrit,,EASY
Kashwini,MAYBE,,Sounds like a Hindu name. Possibly related to Kashvi.,,EASY
Kasika,YES,Shining (Sanskrit),Sanskrit,,EASY
Kasina,YES,Shining (Sanskrit),Sanskrit,,EASY
Kasish,YES,Lord of Kashi; Lord Shiva,Sanskrit,,EASY
Kasmika,YES,"Born of the universe, belonging to the cosmos (Sanskrit)",Sanskrit,,EASY
Kasmira,YES,From Kashmir region (Sanskrit),Sanskrit,,EASY
Kasthuri,YES,Musk (Sanskrit),Sanskrit,Retroflex 'th' sound,MODERATE
Katesiri,MAYBE,,"Siri is a Hindu name, but Katesiri is very uncommon",,EASY
Katha,YES,Story (Sanskrit),Sanskrit,,EASY
Kathina,MAYBE,,"Sounds Hindu-ish, but not very common",,EASY
Kaula,MAYBE,"Clan, family (Sanskrit)",Sanskrit possible origin,,EASY
Kauna,MAYBE,Young girl (Hindi),Hindi possible origin,,EASY
Kaur,YES,Princess (Punjabi),Sikh/Punjabi,Retroflex R,MODERATE
Kaveri,YES,Name of a river (Tamil),Tamil,Retroflex R,MODERATE
Kavina,YES,Poetry (Sanskrit),Sanskrit,,EASY
Kavinaya,YES,Modesty (Sanskrit),Sanskrit,,EASY
Kavinayah,YES,Modesty (Sanskrit),Sanskrit,,EASY
Kavisha,YES,"Lord of poets, Lord Ganesha (Sanskrit)",Sanskrit,,EASY
Kavita,YES,Poem (Sanskrit),Sanskrit,,EASY
Kaviya,YES,Poem (Sanskrit),Sanskrit,,EASY
Kavnoor,YES,"Unique, exceptional (Punjabi)",Punjabi,Retroflex R,MODERATE
Kavya,YES,Poetry (Sanskrit),Sanskrit,,EASY
Kawal,YES,Lotus (Punjabi),Punjabi,,EASY
Kayal,YES,Fish (Tamil),Tamil,,EASY
Kayali,YES,Fish-like eyes (Tamil),Tamil,,EASY
Kayalvizhi,YES,"Beautiful eyes, fish eyed (Tamil)",Tamil,,EASY
Keerat,MAYBE,"Praise, singing of God's glory","Punjabi, Sikh origin, but used by some Hindus",,EASY
Keerthi,YES,"Fame, glory",Sanskrit,,EASY
Keerthisha,YES,Combination of Keerthi and Isha (God),Sanskrit,,EASY
Kesa,MAYBE,"Silky, smooth (Hindi)",Possible Hindi origin,,EASY
Kesha,MAYBE,Hair (Sanskrit),Sanskrit origin,,EASY
Keyuri,YES,Armlet,Sanskrit,"J will be pronounced as Y, making it Key-yuri",MODERATE
Khanak,YES,Bangle's sound,Hindi,Kh sound,MODERATE
Kharma,MAYBE,"Deed, action, destiny","A variant spelling of Karma, with Sanskrit origin",,EASY
Khirthanaa,MAYBE,"Possibly a modern derivation from Sanskrit, but uncertain and rare","Likely a Tamil name, possibly derived from Sanskrit",Retroflex T and N,HARD
Khrisha,YES,Divine; A form of Krishna,Sanskrit,Kh sound,MODERATE
Khulika,YES,A type of sweet cake,Sanskrit,,EASY
Khushdeep,YES,Deep of Happiness,Sanskrit/Punjabi,Kh and deep diphtong,MODERATE
Khushi,YES,Happiness,Hindi,Kh sound,MODERATE
Khusi,YES,Happiness,Hindi variant spelling of Khushi,Kh sound,MODERATE
Khyana,YES,Consideration,Sanskrit,,EASY
Kimia,MAYBE,"Alchemy, Elixir",Persian/Hindu origin,,EASY
Kimiya,MAYBE,"Alchemy, Elixir",Persian/Hindu origin,,EASY
Kimmia,MAYBE,"Alchemy, Elixir",Persian/Hindu origin,,EASY
Kinley,MAYBE,Golden King,Tibetan Origin,,EASY
Kir,MAYBE,Ray of Light,Derived from Kiran,,EASY
Kira,MAYBE,Ray of Light,Derived from Kiran,,EASY
Kirana,YES,"Light, beam",Sanskrit,,EASY
Kirandeep,YES,Ray of Light,"Punjabi/Sikh, Combination of Kiran (Ray) and Deep (light)",,EASY
Kirat,YES,A warrior,Sanskrit,,EASY
Kiren,YES,Ray of Light,Hindi version of Kiran,,EASY
Kiri,MAYBE,,Could be a variant of Kirti. Also found in other cultures.,,EASY
Kiria,MAYBE,,Could be related to Kirana (ray of light) or Kirti.,,EASY
Kirit,MAYBE,,"Variant of Kireet/Kirit, meaning crown, diadem. A name of Lord Shiva.",,EASY
Kiritin,MAYBE,,"Related to Kirit, meaning crown, diadem. Likely a modern variation.",,EASY
Kirta,MAYBE,,Could be related to Kirti or Kirtana.,,EASY
Kirti,YES,"Fame, glory (Sanskrit)",Sanskrit,,EASY
Kiruthiga,YES,Name of a star (Tamil),Tamil,,EASY
Kohinoor,MAYBE,Mountain of Light (Persian),"Persian origin, but famous diamond from India, thus has strong Indian association",None,EASY
Kopila,YES,A string of pearls,Sanskrit,,EASY
Kothai,YES,Name of a Tamil Alvar saint,Tamil,,EASY
Kresha,YES,"Origin, source",Sanskrit,,EASY
Kripa,YES,"Mercy, Compassion",Sanskrit,,EASY
Krisha,YES,Divine,Sanskrit,,EASY
Krishanthini,YES,Name of a Raga,Sanskrit,Retroflex N,MODERATE
Krishika,YES,"Producer, Prosperity",Sanskrit,,EASY
Krithi,YES,A work of art,Sanskrit,,EASY
Krithika,YES,Name of a star; Nakshatra,Sanskrit,,EASY
Kriti,YES,A work of art,Sanskrit,,EASY
Kritika,YES,Well starred,Sanskrit,,EASY
Kruna,YES,Compassionate,Sanskrit,,EASY
Kuki,MAYBE,A tribal group in India,Indian (tribal),,EASY
Kuldip,YES,Light of the family,Punjabi/Sanskrit,,EASY
Kulina,YES,Of good family,Sanskrit,,EASY
Kulu,MAYBE,"Could be related to the Himalayan region Kulu, sometimes used in Hindu contexts",Regional/Geographic,,EASY
Kumari,YES,Girl/daughter (Sanskrit),Sanskrit,,EASY
Kumi,MAYBE,Possible short form of names like 'Kumudini'. Also a common Japanese name.,Possible Sanskrit origin,,EASY
Kumudu,YES,Water lily (Sanskrit),Sanskrit,,EASY
Kumuthini,YES,A lotus pond (Sanskrit),Sanskrit,,EASY
Kuna,MAYBE,"Could be related to Hindu deities, or a place name. Also exists in other cultures.",Possible Sanskrit connection,,EASY
Kusum,YES,Flower (Sanskrit),Sanskrit,,EASY
Kusumalatha,YES,Garland of flowers (Sanskrit),Sanskrit,,EASY
Kya,MAYBE,Sky (Possible Sanskrit connection),Possible Sanskrit connection,,EASY
Kaashvi,YES,Shining (Hindi),Hindi,,EASY
Kaashwi,YES,Shining (Hindi),Hindi,,EASY
Kaaviya,YES,Poetry (Tamil),Tamil,,EASY
Kaavya,YES,Poetry (Sanskrit),Sanskrit,,EASY
Labika,MAYBE,Could be related to Sanskrit words but is not a common name.,Possible Sanskrit origin,,EASY
Laheri,MAYBE,"Wave (possible Sanskrit connection), also a surname",Possible Sanskrit connection,,EASY
Laima,MAYBE,Lithuanian goddess of fate,Baltic origin. Potentially related to Lakshmi,,EASY
Lakhsmi,YES,"Goddess of wealth, prosperity (Sanskrit)",Sanskrit,Kh sound,MODERATE
Laki,MAYBE,Lucky (Hindi),Hindi derivative of Lakshmi,,EASY
Lakmali,YES,A name associated with Lakshmi,Combination of Lakshmi and suffix,,EASY
Lakshani,YES,One with auspicious marks,Derived from Lakshana (auspicious mark),Sh sound,MODERATE
Lakshika,YES,"Target, Aim",Derived from Lakshya (aim),Sh sound,MODERATE
Lakshitha,YES,"Distinguished, renowned",Derived from Lakshit,Sh and Th sound,HARD
Lakshiya,YES,"Aim, Goal",Derived from Lakshya,"Sh sound, Ya sounds like Ja",HARD
Lakshmi,YES,"Goddess of wealth, prosperity (Sanskrit)",Sanskrit,Sh sound,MODERATE
Lakshmih,YES,"Goddess of wealth, prosperity (Sanskrit)",Sanskrit (variant spelling),Sh sound,MODERATE
Laksiya,YES,"Aim, Goal",Variant spelling of Lakshiya,"Sh sound, Ya sounds like Ja",HARD
Laksmy,YES,"Goddess of wealth, prosperity (Sanskrit)",Sanskrit (variant spelling),,EASY
Lala,MAYBE,Tulip,"Could be Persian/Turkish, but simple enough to fit Indian languages.",,EASY
Lalana,YES,"Beautiful woman, tongue (Sanskrit)",Sanskrit,,EASY
Lalida,MAYBE,"Beautiful, pleasing","Thai origin, similar to Lalita in Sanskrit.",,EASY
Lalita,YES,"Playful, beautiful (Sanskrit)",Sanskrit,,EASY
Lalïta,YES,"Playful, beautiful (Sanskrit)",Sanskrit,,EASY
Lalitha,YES,"Playful, beautiful (Sanskrit)",Sanskrit,Th sound,MODERATE
Lama,MAYBE,Teacher (Tibetan Buddhism),"Tibetan origin, shared beliefs with Hinduism",,EASY
Lani,MAYBE,"Heaven (Hawaiian), Sky (Sanskrit, from 'Nilani')",Hawaiian/Sanskrit,,EASY
Lanka,YES,Island (Sanskrit),Sanskrit,,EASY
Lara,MAYBE,"Famous (Russian), Seagull (Latin). In Hinduism, a form of Lakshmi/Goddess.",Multiple origins including possible association with Lakshmi.,,EASY
Lára,MAYBE,"Famous (Russian), Seagull (Latin). In Hinduism, a form of Lakshmi/Goddess.",Multiple origins including possible association with Lakshmi.,,EASY
Lasmi,MAYBE,Variant of Lakshmi,Likely derived from Lakshmi,,EASY
Lasya,YES,Dance performed by Parvati (Sanskrit),Sanskrit,,EASY
Lathiga,YES,A creeper or vine (Sanskrit),Sanskrit,,EASY
Lathika,YES,A small creeper or vine (Sanskrit),Sanskrit,,EASY
Latika,YES,Small creeper (Sanskrit),Sanskrit,,EASY
Latikah,YES,Small creeper (Sanskrit),Sanskrit,,EASY
Lava,YES,Fragment; small portion,Sanskrit,,EASY
Lavaneya,MAYBE,Grace; Beauty,Related to Lavanya,,EASY
Lavania,MAYBE,Grace; Beauty,Related to Lavanya,,EASY
Lavanya,YES,"Grace, Beauty",Sanskrit,,EASY
Laveen,MAYBE,,May be variant of Lavan or Lavin,,EASY
Lavin,MAYBE,Absorbed,Related to Lord Ganesha,,EASY
Lavina,MAYBE,Purity,Related to Lavanya,,EASY
Lavinda,MAYBE,Unknown,Combination of Lava + suffix,,EASY
Lavine,MAYBE,Absorbed,Related to Lord Ganesha,,EASY
Lavisha,YES,Enchanting,Sanskrit,,EASY
Lavya,YES,Lovable,Sanskrit,,EASY
Laxmi,YES,Goddess of Wealth,Sanskrit,X is pronounced as KS,MODERATE
Laxmy,YES,Goddess of Wealth,Sanskrit variant of Lakshmi,X is pronounced as KS,MODERATE
Laya,YES,Rhythm,Sanskrit,,EASY
Layah,MAYBE,Variant of Laya (Rhythm),Sanskrit,,EASY
Layaa,YES,Rhythm,Sanskrit variant of Laya,,EASY
Leela,YES,"Play, amusement, divine play (Sanskrit)",Sanskrit,,EASY
Leena,YES,A devoted woman (Sanskrit),Sanskrit,,EASY
Leenah,YES,A devoted woman (Sanskrit),Sanskrit,,EASY
Leenamari,MAYBE,"A combination of Leena (devoted) and Mari (star of the sea, but can also be related to Mariamman)",Sanskrit/Hebrew,,EASY
Leenemaria,MAYBE,"A combination of Leena (devoted) and Maria (bitter, but possibly Mariamman)",Sanskrit/Hebrew,,EASY
Lekhya,YES,"Writing, drawing (Sanskrit)",Sanskrit,,EASY
Lena,YES,"Ray of light (Greek, but sometimes used in India)",Greek/Indian,,EASY
Léna,YES,"Ray of light (Greek, but sometimes used in India)",Greek/Indian,,EASY
Lenabrit,MAYBE,Combination of Lena (ray of light) and Brit (possibly from Brigitte),Greek/Scandinavian,,EASY
Lenamai,MAYBE,Combination of Lena (ray of light) and Mai (possibly a form of Maya),Greek/Sanskrit,,EASY
Lenamaia,MAYBE,Combination of Lena (ray of light) and Maia,Greek/Various,,EASY
Levana,MAYBE,"Moon (Latin/Hebrew origin, some resemblance to Indian names)",Latin/Hebrew origin but could be considered Hindu-sounding,,EASY
Leya,MAYBE,"(Could be a variant spelling of 'Leah' or a short form, possibly mistaken for Hindu due to similar sounding names)","Unclear origin, possibly Western, but sound is similar to some Indian names",,EASY
Lhamu,YES,"Goddess (Tibetan, related to Tibetan Buddhism and Hinduism)","Tibetan, used in Himalayan Hindu communities",,EASY
Lia,MAYBE,"(Short form of various names, possible connection to Hindu names but not directly Hindu)","Multiple origins, sounds similar to Hindu names",,EASY
Lía,MAYBE,"(Short form of various names, possible connection to Hindu names but not directly Hindu)","Multiple origins, sounds similar to Hindu names",,EASY
Liana,MAYBE,"(Similar to 'Leana', sometimes associated with Indian origins but generally considered European)","Likely European origin, but sounds similar to Indian names",,EASY
Lila,MAYBE,"Play, amusement, sport, beauty (Sanskrit)",Sanskrit,,EASY
Lilah,MAYBE,"Play, amusement, sport, beauty (Sanskrit)",Sanskrit,,EASY
Lima,YES,Earth (Hindi),Hindi,,EASY
Lina,MAYBE,"Palm tree (Arabic), Waterfall (Greek), light/sun (Sanskrit)",Sanskrit and other origins,,EASY
Lini,MAYBE,,"Could be short for Hindu names, but also a standalone name in other cultures.",,EASY
Lipika,YES,Letter (Sanskrit),Sanskrit,,EASY
Lisha,MAYBE,Diminutive of names like Alicia or Elizabeth. May also be related to Sanskrit words but not as commonly used.,"Likely Western origin, but can be loosely associated with Sanskrit",,EASY
Liya,MAYBE,"Variant of Leah. Possible Sanskrit connections, but primary origin elsewhere.","Could be loosely associated with Sanskrit, but likely non-Hindu origin.",,EASY
Liyana,MAYBE,,"Name found in multiple cultures, no single clear Hindu origin",,EASY
Liyanna,MAYBE,,Could be a variation of Liana or other similar names; no direct Hindu association,,EASY
Liyansha,MAYBE,,"Ending with -sha makes it sound Hindu, but no clear root.",,MODERATE
Loba,YES,A female with captivating eyes and a magnetic personality,Sanskrit,,EASY
Loha,YES,"Iron, red",Sanskrit,,EASY
Loka,YES,"World, Realm",Sanskrit,,EASY
Lokia,MAYBE,,Variation of Loka?,,EASY
Loma,MAYBE,,"Sounds Indian, but no clear root",,EASY
Loveleen,MAYBE,"Merged name from English 'Love' and Punjabi 'Leen' (absorbed, devoted). 'Love' could be related to Kama.",Combination of English and Punjabi. Possible Sanskrit connections via 'Kama'.,,EASY
Lubaina,MAYBE,Variant of Lubna. Fragrance (Arabic). May have connections to Lakshmi (Hindu Goddess of Wealth).,"Arabic origin, potential indirect connection to Lakshmi.",,EASY
Lucksitha,MAYBE,,"Sounds like a possible Sanskrit-influenced name, but requires verification of origin.",th sound,MODERATE
Lumbini,YES,The birthplace of Gautama Buddha,Sanskrit,,EASY
Luv,MAYBE,Love,Could be derived from Sanskrit/Hindi word 'love',,EASY
Luva,MAYBE,,Resembles 'lava' (Sanskrit),,EASY
Laali,YES,Beloved,Hindi,,EASY
Laasya,YES,Dance performed by Goddess Parvati,Sanskrit,,EASY
Laavanya,YES,"Grace, beauty",Sanskrit,V softens to W,EASY
Ma,YES,Mother,Hindi,,EASY
Madara,YES,Wine,Sanskrit,,EASY
Madhuri,YES,Sweet,Sanskrit,,EASY
Madhurima,YES,Sweetness,Sanskrit,,EASY
Madhusara,YES,"Honey-like, sweet",Sanskrit,,EASY
Madura,YES,Sweet/Melodious (Sanskrit),Sanskrit,,EASY
Maduretna,MAYBE,Combination of Madura (sweet) and Ratna (jewel),Combination of Sanskrit words,,EASY
Madusha,YES,Sweetness,Sanskrit,,EASY
Magha,YES,Name of a month in the Hindu calendar,Sanskrit,,EASY
Mah,YES,Great/Big (shortened form of many Sanskrit names),Sanskrit,,EASY
Maha,YES,Great (Sanskrit),Sanskrit,,EASY
Mahak,YES,"Fragrance, scent (Sanskrit)",Sanskrit,,EASY
Mahalasa,YES,A form of Goddess Lakshmi (Hindu),Hindu,,EASY
Mahalaya,YES,An auspicious occasion (Hindu),Hindu,,EASY
Mahana,MAYBE,"Great, glorious (Sanskrit based)","Sanskrit influence, also found in other cultures",,EASY
Mahathika,MAYBE,Greatness (Sanskrit based),Sanskrit influence,Th is difficult,MODERATE
Maheera,YES,"Highly skilled, expert (Sanskrit)",Sanskrit,,EASY
Mahek,YES,"Fragrance, sweet smell (Hindi)",Hindi,,EASY
Mahiima,YES,"Greatness, majesty (Sanskrit)",Sanskrit,,EASY
Mahika,YES,The earth (Sanskrit),Sanskrit,,EASY
Mahikasree,YES,Combination of Mahika and Sree (Hindu),Hindu,,EASY
Mahima,YES,"Greatness, glory (Sanskrit)",Sanskrit,,EASY
Maia,MAYBE,Illusion (Sanskrit),"Sanskrit origin, but very common in many cultures.",,EASY
Maïa,MAYBE,Illusion (Sanskrit),"Sanskrit origin, but very common in many cultures. Diacritic does not change origin.",,EASY
Maina,YES,A bird (Sanskrit),Sanskrit,,EASY
Maithili,YES,A princess from the Ramayana (Sanskrit),Sanskrit,,EASY
Maitreya,YES,Benevolent/Friendly (Sanskrit),Sanskrit,,EASY
Maiya,MAYBE,"Possibly related to Maya meaning illusion in Sanskrit, although more commonly Russian in origin",Potentially Sanskrit,,EASY
Maja,MAYBE,"Possibly related to Maya meaning illusion in Sanskrit, although more commonly Scandinavian/Slavic in origin",Potentially Sanskrit,,EASY
Majula,MAYBE,"Gracious, gentle",Possible variant of Manjula (Sanskrit),,EASY
Mala,YES,Garland (Sanskrit),Sanskrit,,EASY
Malai,MAYBE,"Mountain, hill",Tamil,,EASY
Malaia,MAYBE,Garland,Variant of Mala. Multiple origins.,,EASY
Malaya,MAYBE,Garland,Variant of Mala. Multiple origins.,,EASY
Malee,MAYBE,,"Could be related to the name 'Mali', but common in Thai, other Southeast Asian countries.",,EASY
Malia,MAYBE,,"May be Hawaiian, also similar to the Hindu name 'Mala'",,EASY
Malika,YES,Queen (Sanskrit),Sanskrit origin,,EASY
Malina,MAYBE,,"Scandinavian, Slavic, also similar to the Hindu name 'Malini'",,EASY
Malinee,MAYBE,,"Thai name, similar to the Hindu 'Malini'",,EASY
Malini,YES,Garland (Sanskrit),Sanskrit origin,,EASY
Malippa,YES,Name of a Hindu saint,"Kannada origin, revered saint in Lingayatism",,EASY
Malkanthi,YES,Flower (Sinhala) + Beautiful (Sinhala),Sinhalese (Sri Lankan) origin,,EASY
Malla,MAYBE,,Could be related to the Malla dynasty or the Sanskrit word for wrestler. Rare.,,EASY
Mallica,YES,Jasmine (Sanskrit),Sanskrit origin,,EASY
Mallika,YES,Jasmine (Sanskrit),Sanskrit origin,,EASY
Mallikka,YES,Jasmine (Sanskrit),Sanskrit origin,,EASY
Mallina,MAYBE,,Similar to Malini,,EASY
Malu,MAYBE,"Rich, wealthy (Hindi)",Possible nickname or short form of other names.  Also a Hawaiian name meaning 'shelter'.,,EASY
Malú,MAYBE,"Rich, wealthy (Hindi)",Possible nickname or short form of other names. Also a Hawaiian name meaning 'shelter'.,,EASY
Malvi,YES,One who can sing well; Musical (Hindi),"Hindi, also a place name in India",,EASY
Malwa,YES,A historical region in west-central India.,Geographic location,,EASY
Mana,MAYBE,"Supernatural Power; Mind, intellect (Sanskrit)",Sanskrit origin. Also found in Polynesian cultures,,EASY
Manabi,YES,Goddess Parvati (Hindi),Indian,,EASY
Manaisha,MAYBE,"Desire, wish (Sanskrit)","Modern Indian name, combines 'Manas' (mind) + Isha (Goddess)",,EASY
Manam,YES,"Mind, heart (Tamil)",Tamil origin,,EASY
Manasa,YES,Goddess of snakes (Sanskrit),Sanskrit origin,,EASY
Manasah,YES,Lake (Sanskrit),"Sanskrit, another name for Lake Manasarovar",,EASY
Manashi,YES,Intellectual or Goddess Lakshmi (Sanskrit),Sanskrit origin,,EASY
Manasvi,YES,"Wise, intelligent (Sanskrit)",Sanskrit origin,,EASY
Mandarava,YES,Legendary consort of Padmasambhava (Tibetan Buddhism),"Though related to Tibetan Buddhism, Tibetan Buddhism is rooted in Indian Buddhism.",,EASY
Mandira,YES,Temple (Sanskrit),Sanskrit,,EASY
Mandvi,YES,Wife of Bharat (Ramayana) (Sanskrit),Sanskrit,,EASY
Mane,YES,"Respect, honor (Sanskrit)","Sanskrit, Also Marathi surname",,EASY
Mangalika,YES,Auspicious; Prosperous (Sanskrit),Sanskrit origin,,EASY
Manicha,YES,"A bracelet, bangle (Sanskrit)",Sanskrit,,EASY
Manisha,YES,"Desire, wish (Sanskrit)",Sanskrit,,EASY
Manitha,YES,"Honored, respected (Sanskrit)",Sanskrit origin,,EASY
Manja,MAYBE,,Could be a variation of Manjari or Manjusha,,EASY
Mañjari,YES,A cluster of blossoms,Sanskrit,Retroflex N,MODERATE
Manje,MAYBE,,Could be a variation of Manjari or Manjusha,,EASY
Manjeri,MAYBE,"Place name in Kerala, India",Indian place name,Retroflex R might be difficult,MODERATE
Manjia,MAYBE,,Could be a variation of Manjari or Manjusha,,EASY
Manjula,YES,"Melodious, lovely",Sanskrit,,EASY
Manjularani,YES,Melodious queen,Sanskrit,Retroflex N might be difficult,MODERATE
Mannar,MAYBE,Name of a place in Sri Lanka,Indian place name,Retroflex R might be difficult,MODERATE
Mannat,YES,"Pledge, vow","Hindi/Urdu origin, common in India",,EASY
Manohari,YES,"Beautiful, captivating",Sanskrit,Retroflex R might be difficult,MODERATE
Manpreet,YES,One who loves the mind/heart,Punjabi,,EASY
Mansha,YES,Wish,Hindi,,EASY
Manshika,YES,,Derivative of Mansha,,EASY
Mantasha,MAYBE,,"Similar to Mansha, possibly Muslim origin as well",,EASY
Mantra,YES,Sacred utterance,Sanskrit,Retroflex R might be difficult,MODERATE
Manusha,YES,Human being,Sanskrit,,EASY
Manveer,YES,Brave heart,Punjabi,,EASY
Manvi,YES,"Girl with humanity, one who possess all best qualities",Hindi,,EASY
Manya,YES,Worthy of honour,Sanskrit,,EASY
Mara,MAYBE,Bitter,"Hebrew origin, but used in India and can be linked to Goddess Durga",,EASY
Mari,MAYBE,"A form of Maria, related to Mary; can be related to Hindu goddess Mariamman",Hebrew/Latin/Tamil,,EASY
Marí,MAYBE,"A form of Maria, related to Mary; can be related to Hindu goddess Mariamman",Hebrew/Latin/Tamil,,EASY
Mariam,MAYBE,"A form of Maria, related to Mary; can be related to Hindu goddess Mariamman",Hebrew/Latin/Tamil,,EASY
Maricha,MAYBE,Possibly related to Marichi (Sanskrit),"Potential Sanskrit origin, name of a sage",,EASY
Marika,MAYBE,Possibly related to Marichi (Sanskrit),"Potential Sanskrit origin, name of a sage",,EASY
Masika,MAYBE,Born in the rainy season.,East African origin. Some Hindu usage.,,EASY
Mathumi,YES,Mother Earth,Another spelling is Bhumi,,EASY
Mathumitha,YES,River (Tamil),Tamil,,MODERATE
Matri,YES,Mother,Sanskrit,,EASY
Maya,YES,Illusion/magic (Sanskrit),Sanskrit,,EASY
Mayabritt,MAYBE,Illusion/magic (Sanskrit) + Britt (Scandinavian),"Sanskrit, Scandinavian",,EASY
Mayah,MAYBE,Illusion/magic (Sanskrit),Sanskrit,,EASY
Mayajohannah,MAYBE,Illusion/magic (Sanskrit) + Johanna (Hebrew),"Sanskrit, Hebrew",,EASY
Mayalilja,MAYBE,Illusion/magic (Sanskrit) + Lilja (Scandinavian),"Sanskrit, Scandinavian",,EASY
Mayaluna,MAYBE,Illusion/magic (Sanskrit) + Luna (Latin),"Sanskrit, Latin",,EASY
Mayamarehte,MAYBE,Illusion/magic (Sanskrit),Sanskrit,,EASY
Mayamarie,MAYBE,Illusion/magic (Sanskrit) + Marie (Hebrew),"Sanskrit, Hebrew",,EASY
Mayamynte,MAYBE,Illusion/magic (Sanskrit),Sanskrit,,EASY
Mayann,MAYBE,Illusion/magic (Sanskrit) + Ann (Hebrew),"Sanskrit, Hebrew",,EASY
Mayanoa,MAYBE,Illusion/magic (Sanskrit),Sanskrit,,EASY
Mayanoanatani,MAYBE,Illusion/magic (Sanskrit),Sanskrit,,EASY
Mayanshi,YES,Part of mother,Hindi,,EASY
Mayansi,YES,Part of mother,Hindi,,EASY
Maybritmira,MAYBE,"Combination with Mira (peace, Sanskrit)",Sanskrit,,EASY
Mayil,YES,Peacock (Tamil),Tamil,,EASY
Mayaa,YES,Illusion/magic (Sanskrit),Sanskrit,,EASY
Meena,YES,Fish,Sanskrit,,EASY
Meenakshi,YES,One with fish-shaped eyes; a name of Parvati,Sanskrit,,EASY
Meenu,YES,Fish,Sanskrit,,EASY
Meera,YES,Prosperous/ocean,Sanskrit,,EASY
Meerab,MAYBE,,Could be a combination of Meera and 'ab' - water. Meera is hindu. The combination sound could be islamic,,EASY
Meetra,YES,Friend,Sanskrit,,EASY
Megha,YES,Cloud,Sanskrit,,EASY
Meghana,YES,Cloud,Sanskrit,,EASY
Meghna,YES,Cloud,Sanskrit,,EASY
Megna,YES,Cloud,Sanskrit,,EASY
Meha,YES,Rain,Sanskrit,,EASY
Mehak,YES,Fragrance,Sanskrit,,EASY
Mehakdeep,YES,"Fragrance, Light (Combination of Persian/Urdu and Sanskrit)",Combination of Persian/Urdu and Sanskrit,,EASY
Mehana,MAYBE,Rain (Sanskrit),Sanskrit,,EASY
Mehar,YES,"Kindness, Grace (Persian origin, used in Indian subcontinent)","Persian origin, used in Indian subcontinent",,EASY
Meharin,MAYBE,"Variant of Mehar, Kindness, Grace (Persian origin, used in Indian subcontinent)",Variant of Mehar,,EASY
Mehek,YES,"Fragrance (Persian origin, used in Indian subcontinent)","Persian origin, used in Indian subcontinent",,EASY
Mehendi,YES,Henna (Hindi/Urdu),Hindi/Urdu,,EASY
Meher,YES,"Kindness, Grace (Persian origin, used in Indian subcontinent)","Persian origin, used in Indian subcontinent",,EASY
Meherun,MAYBE,Combination of Meher (Kindness) and Un (Suffix),"Persian origin, used in Indian subcontinent",,EASY
Mehnoor,YES,"Moon's Radiance (Persian/Urdu origin, used in Indian subcontinent)","Persian/Urdu origin, used in Indian subcontinent",,EASY
Mehrunisa,YES,"Sun among women (Persian/Urdu origin, used in Indian subcontinent)","Persian/Urdu origin, used in Indian subcontinent",,EASY
Mehrunnisa,YES,"Sun among women (Persian/Urdu origin, used in Indian subcontinent)","Persian/Urdu origin, used in Indian subcontinent",,EASY
Mehtab,YES,"Moonlight (Persian/Urdu origin, used in Indian subcontinent)","Persian/Urdu origin, used in Indian subcontinent",,EASY
Mehtaab,YES,"Moonlight (Persian/Urdu origin, used in Indian subcontinent)","Persian/Urdu origin, used in Indian subcontinent",,EASY
Mehvish,YES,"Moon-like, beautiful (Persian/Urdu origin, used in Indian subcontinent)","Persian/Urdu origin, used in Indian subcontinent",,EASY
Mehwish,YES,"Moon-like, beautiful (Persian/Urdu origin, used in Indian subcontinent)","Persian/Urdu origin, used in Indian subcontinent",,EASY
Melaya,MAYBE,,"Could be a variant spelling of Malaya (garland), or a place name (Malaysia) used as a name",,EASY
Melu,MAYBE,,,,
Mena,MAYBE,,,,
Menika,MAYBE,,,,
Menoka,MAYBE,,,,
Meru,YES,Name of a holy mountain,Sanskrit,,EASY
Mihika,YES,"Mist, fog",Sanskrit,,EASY
Mihikaa,YES,"Mist, fog",Sanskrit,,EASY
Mihira,YES,Sun (Sanskrit),Sanskrit,Retroflex R,MODERATE
Miira,MAYBE,Prosperous,Variant of Mira,Retroflex R (if intended),MODERATE
Miirabhai,MAYBE,Devotee of Krishna,Combination of Mira and Bhai,Retroflex R (if intended),MODERATE
Miiral,MAYBE,Devotee of Krishna,Combination of Mira and Lal,Retroflex R (if intended),MODERATE
Mila,MAYBE,"Derived from Slavic element 'mil' meaning gracious, dear","Slavic origin, but could superficially resemble Hindu names. Could also be a short form of Hindu names like 'Kamala'.",,EASY
Milana,MAYBE,Gracious (Slavic); Combining 'Mil' and 'Ana'. Some connection to Lakshmi through 'Sri' as a prefix to names,Slavic origin but some overlap and superficial resemblance to Indian names. Could potentially be given by Hindus due to familiarity.,,EASY
Milena,MAYBE,"Gracious, Dear (Slavic). Possibly connected to Indian names via sounds.","Slavic origin, but sound overlap with some Indian names may lead to occasional use.",,EASY
Mili,MAYBE,"Meeting, Found (Greek)","Greek Origin, might be used or misinterpreted as having Hindu links given the suffix is common",,EASY
Milina,MAYBE,Gracious (Slavic diminutive). Might appear among Hindus as a variant spelling,"Slavic, some phonological overlap with Indian names",,EASY
Milaani,MAYBE,,"Could be a variant spelling of 'Milani' which has connections to nature and beauty in some cultures, and sounds like 'Milan' which exists in the Indian context.",,EASY
Mina,MAYBE,Possibly a variant of Meena,Meena is a Hindu name meaning 'fish'. Mina can also be a short version of other names.,,EASY
Minal,YES,A precious stone.,Indian origin,,EASY
Mini,YES,"Small, Little",Indian origin,,EASY
Minika,MAYBE,,Possible short form of names containing Mina. There are various Indian names with Mina. Could also be Slavic.,,EASY
Minoo,MAYBE,,Could be a variant of Meenu or related to the name Mina,,EASY
Mintra,MAYBE,,Sounds similar to mantra,,EASY
Minaa,MAYBE,"Possibly related to Meena (fish, or precious gem)","Sanskrit/Hindi, but also used in other cultures",,EASY
Minaal,MAYBE,"Possibly related to Meena (fish, or precious gem)","Sanskrit/Hindi, but also used in other cultures",,EASY
Mira,YES,"Prosperous, peaceful, ocean (Sanskrit)",Sanskrit/Hindi,,EASY
Mirabai,YES,Devotee of Krishna,"Indian, name of a famous Hindu saint",,EASY
Miraya,MAYBE,Devotee of Krishna (related to Mira),Possibly a variation of Mirabai,,EASY
Mirdharam,YES,Dharma of the Lord (combination of Mir and Dharma),Sanskrit,"Dh will be pronounced as D, Retroflex R",HARD
Miri,MAYBE,"Variant of Mira, peaceful, ocean (Sanskrit)",Sanskrit/Hindi,,EASY
Mirra,YES,"Prosperous, peaceful, ocean (Sanskrit). Variation of Mira",Sanskrit/Hindi,,EASY
Miraa,YES,"Prosperous, peaceful, ocean (Sanskrit)",Sanskrit/Hindi,,EASY
Miraal,MAYBE,Possibly related to Meera/Mira,Sanskrit/Hindi related but used elsewhere,,EASY
Mishika,YES,Love,Sanskrit,,EASY
Mishitha,YES,Goddess Lakshmi,Sanskrit,Th will be pronounced as T,MODERATE
Mishka,MAYBE,Gift of Love,"Russian diminutive of Michael, also similar sounding to Mishika, Hindu",,EASY
Mishkat,MAYBE,"Niche, Lantern","Arabic origin. However, similar sounding to Hindu names.",,EASY
Miska,MAYBE,Gift of Love,"Russian diminutive of Michael, also similar sounding to Mishika, Hindu",,EASY
Misra,YES,"Mixed, mingled",Sanskrit,Retroflex R might be difficult,MODERATE
Mita,YES,Friend,Sanskrit,,EASY
Mithi,YES,Sweet,Hindi,,EASY
Mithila,YES,The birthplace of Sita,Sanskrit,,EASY
Mithraa,YES,Friend,Sanskrit,Retroflex R might be difficult,MODERATE
Mithula,YES,Sweet,Sanskrit/Hindi,,EASY
Mitra,YES,Friend,Sanskrit,Retroflex R might be difficult,MODERATE
Mitula,YES,Sweet,Sanskrit/Hindi,,EASY
Mohima,YES,Greatness,Sanskrit,,EASY
Mohita,YES,Attracted,Sanskrit,,EASY
Mona,MAYBE,"Desire, wish (Sanskrit)",Sanskrit,,EASY
Móna,MAYBE,"Desire, wish (Sanskrit)",Sanskrit,,EASY
Moni,MAYBE,"Silent, wise (Sanskrit)",Sanskrit,,EASY
Monisha,YES,"Intellectual, Wise",Sanskrit,,EASY
Morya,YES,A devotee of Lord Muruga,Indian,,EASY
Moshumi,YES,Rainy season,Bengali,,EASY
Mouna,YES,Silence,Sanskrit,,EASY
Mrida,MAYBE,"Soft, gentle","Derived from Sanskrit, Mridu",,EASY
Mritsa,MAYBE,"Clay, Earth",Sanskrit,,EASY
Mrudul,YES,Tender,Sanskrit,,EASY
Mugdha,YES,"Innocent, charming",Sanskrit,,EASY
Mukda,YES,Pearl,Sanskrit,,EASY
Muksita,YES,"Liberated, free",Sanskrit,,EASY
Mukta,YES,"Liberated, free",Sanskrit,,EASY
Muni,YES,"Sage, ascetic (Sanskrit)",Sanskrit,,EASY
Munia,YES,Little sage (Hindi),Hindi,,EASY
Munisha,YES,Lord of the mind (Sanskrit),Sanskrit,,EASY
Munja,YES,A kind of grass used in sacred ceremonies (Sanskrit),Sanskrit,,EASY
Munna,YES,"Child, little one (Hindi)",Hindi,,EASY
Mura,YES,The river Tamraparni (Tamil),Tamil,,EASY
Muska,MAYBE,Smile (Slavic),"Shares similarity with Muskan, which means smile in Hindi",,EASY
Muskan,YES,Smile (Hindi),Hindi,,EASY
Muskaan,YES,Smile (Hindi),Hindi,,EASY
Myra,MAYBE,Sweet smelling; myrrh,"Possibly related to Mira, but more commonly Western. Sanskrit: Admirable",,EASY
Mythily,YES,Another name for Sita,"Tamil, Telugu",,EASY
Mythri,YES,Friendship,Sanskrit,,EASY
Maadhavi,YES,Consort of Lord Krishna,Sanskrit,,MODERATE
Maala,YES,Garland,Hindi,,EASY
Maalita,YES,Garland,Sanskrit,,MODERATE
Maansi,YES,Woman,Hindi,,EASY
Maanvi,YES,Human,Hindi,,EASY
Maaya,YES,Illusion,Sanskrit,,EASY
Nabami,YES,Ninth,Bengali,,EASY
Nachiyar,YES,"Goddess, Consort of Vishnu, Title given to Andal",Tamil,Retroflex 'ch' sound,MODERATE
Nadia,MAYBE,,"Multiple origins, including Sanskrit 'Nada'",,EASY
Nadika,YES,One who is born from the river,Sanskrit,,EASY
Nadisha,MAYBE,,Possible Sanskrit derivation,,EASY
Nadiya,MAYBE,,"Multiple origins, including Sanskrit 'Nada'",,EASY
Naga,YES,Serpent,Sanskrit,,EASY
Nagina,YES,"Jewel, Gem",Hindi,,EASY
Nagma,MAYBE,"Melody, song","Hindi, Urdu. Also found in other cultures.",,EASY
Naila,MAYBE,"Attainer, successful",Arabic. Could be used by some Hindu families due to similar sounds.,,EASY
Naimisha,YES,A place mentioned in the Puranas,Sanskrit,sh sound,MODERATE
Naina,YES,Eyes,Sanskrit,,EASY
Nainika,YES,Pupil of the eye,Sanskrit,,EASY
Naira,MAYBE,"Shining, radiant",Armenian.  Could be used in India due to similar sound.,,EASY
Naisha,YES,Special,Indian,sh sound,MODERATE
Naiya,YES,New,Indian,,EASY
Nala,MAYBE,Stem; hollow (Sanskrit).,"Sanskrit origin, but used in other cultures too (Swahili). Disney's Lion King also contributes to familiarity in other cultures",,EASY
Nalah,MAYBE,Stem; hollow (Sanskrit).,Sanskrit origin. Variant spelling of Nala.,,EASY
Nalaia,MAYBE,,"Similar to Hindu names like Nala, but potentially other origins",,EASY
Nalan,YES,Lotus; a character in the Mahabharata,Sanskrit,,EASY
Nalane,MAYBE,,"Variation of Nalan, may have other origins",,EASY
Nalani,MAYBE,,"Sounds similar to Hindu names, but also Hawaiian",,EASY
Nalanii,MAYBE,,"Variation of Nalani, sounds similar to Hindu names but also potentially Hawaiian",,EASY
Nalaya,MAYBE,,"Similar to Hindu names, but potentially other origins",,EASY
Nalen,MAYBE,,Variation of Nalan,,EASY
Nalia,MAYBE,,Similar to Hindu names but potentially other origins,,EASY
Naliana,MAYBE,,Could be a combination of Hindu and other influences,,EASY
Nalika,YES,Lotus,Sanskrit,,EASY
Nalin,YES,Lotus,Sanskrit,,EASY
Nalina,YES,Lotus,Sanskrit,,EASY
Nalinda,MAYBE,,"Similar to Nalini, but less common",,EASY
Naline,MAYBE,,"French origin, similar sounding to Nalini",,EASY
Nalinee,YES,Lotus,Sanskrit,,EASY
Nalini,YES,Lotus,Sanskrit,,EASY
Naliya,MAYBE,,"Sounds similar to Hindu names, but possibly other origins",,EASY
Namal,MAYBE,,Similar sounding to Hindu names,,EASY
Namali,MAYBE,,Similar sounding to Hindu names,,EASY
Namaste,YES,Greeting meaning 'I bow to you',Sanskrit,,EASY
Namata,MAYBE,,Similar sounding to Hindu names,,EASY
Namaya,MAYBE,,Similar sounding to Hindu names,,EASY
Namina,MAYBE,,"Similar sounding to Hindu names, may also be Arabic",,EASY
Namira,MAYBE,,"Similar to Hindu names, also Arabic",,EASY
Namirah,MAYBE,,"Similar to Hindu names, also Arabic",,EASY
Namra,MAYBE,,"Similar to Hindu names, also Arabic",,EASY
Nanda,YES,Joyful; happy,Sanskrit,,EASY
Nandhanandhana,YES,Son of Nanda; Krishna,Sanskrit,,EASY
Nandi,YES,"Joyful, name of Shiva's bull",Sanskrit,,EASY
Nandini,YES,Joyful,Sanskrit,,EASY
Nani,MAYBE,,"Possibly related to Hindu names, but also Hawaiian",,EASY
Nantika,MAYBE,,"Potentially derived from Sanskrit, but uncertain. More likely Thai.",,EASY
Nara,MAYBE,Man (Sanskrit),"Sanskrit, but also found in other cultures",,EASY
Narasi,YES,Man-lion (referring to the Narasimha Avatar of Vishnu),Sanskrit,,EASY
Narayani,YES,"Consort of Narayan (Vishnu), another name for Lakshmi or Durga",Sanskrit,,EASY
Narda,MAYBE,"Hard, strong (Sanskrit)","Sanskrit, but also has other origins",Retroflex D is missing in Danish,MODERATE
Nari,YES,Woman,Sanskrit,,EASY
Nasya,MAYBE,"Miracle (Hebrew), Possible derivative of Sanskrit names",Hebrew/Possible Sanskrit,,EASY
Nata,MAYBE,"Related to dance, Lord Shiva (Sanskrit)",Sanskrit,,EASY
Nataja,MAYBE,Born of the dance (Sanskrit),Sanskrit,J becomes Y,MODERATE
Natara,MAYBE,"Lord of dance, another name for Shiva (Sanskrit)",Sanskrit,Retroflex 'r' sound,MODERATE
Nataya,MAYBE,Related to dance (Sanskrit),Sanskrit,,EASY
Natham,MAYBE,Lord (Tamil),Tamil,,EASY
Nati,MAYBE,Possibly related to Lord Shiva/dance (Sanskrit),Sanskrit,,EASY
Nauli,MAYBE,Stem of the lotus,"Related to lotus flower, common in Hindu traditions",,EASY
Nava,YES,New,Sanskrit,,EASY
Navá,YES,New,Sanskrit,,EASY
Navajyothi,YES,New Light,Sanskrit,J will be pronounced as Y,HARD
Navarana,MAYBE,New Melody/Color,"Could be derived from Sanskrit, but not a common name",,EASY
Naveena,YES,New,Sanskrit,,EASY
Navika,YES,"New, Young",Sanskrit,,EASY
Navina,YES,New,Sanskrit,,EASY
Navisha,YES,Lord Shiva,Sanskrit,,EASY
Naviya,YES,New,Sanskrit,,EASY
Navneet,YES,Fresh Butter,Sanskrit,,EASY
Navya,YES,Young,Sanskrit,,EASY
Nawang,MAYBE,,Tibetan name; Buddhism is related to Hinduism,,EASY
Naya,YES,"New, Fresh",Sanskrit,,EASY
Nayaki,YES,"Heroine, Leader",Sanskrit,,EASY
Nayana,YES,Eyes,Sanskrit,,EASY
Nayanaa,YES,Eyes,Sanskrit,,EASY
Naynika,YES,Pupil of the eye,Sanskrit,,EASY
Nayaa,YES,"New, Fresh",Sanskrit,,EASY
Neela,YES,Blue (Sanskrit),Sanskrit,,EASY
Neelam,YES,Sapphire (Hindi),Hindi,,EASY
Neelu,YES,Without colour (Hindi),Hindi,,EASY
Neelum,YES,Sapphire (Hindi),Hindi,,EASY
Neema,MAYBE,"Blessing (Swahili)/ Fire(Hebrew), also related to Neem tree","Multiple Origins, could be connected to the Neem tree in India",,EASY
Neena,MAYBE,Diminutive of names ending in -nina (Hindi),Hindi link,,EASY
Neera,YES,Water (Sanskrit),Sanskrit,,EASY
Neeruja,YES,Lotus (Sanskrit),Sanskrit,retroflex R,MODERATE
Neetidnya,YES,One who knows the rules (Sanskrit),Sanskrit,"retroflex D, aspirated consonants",HARD
Neetu,YES,Variation of Nitu,Hindi variation,,EASY
Neha,YES,Love/Rain (Hindi),Hindi,,EASY
Nehal,YES,Rain (Hindi),Hindi,,EASY
Nehasmriti,YES,Loveable memory (Sanskrit),Sanskrit,Retroflex R,MODERATE
Nehla,MAYBE,,"Could be a variant of names with Sanskrit roots, but not directly traceable to a common Hindu name.",,EASY
Nehli,MAYBE,,"Could be a variant of names with Sanskrit roots, but not directly traceable to a common Hindu name.",,EASY
Nehlia,MAYBE,,"Could be a variant of names with Sanskrit roots, but not directly traceable to a common Hindu name.",,EASY
Nekanta,YES,The one who is loved by everyone (can be interpreted as 'beloved by all'),Sanskrit-based. 'Neka' can be related to love and affection in some Indian languages.,,EASY
Nelima,MAYBE,,Could be a rare variation of a name related to Nila (blue) or Nel (moon) but not a standard Hindu name.,,EASY
Neluka,YES,Blue eyed,"Sri Lankan origin, Sinhalese name, can be considered Hindu due to the cultural context",,EASY
Nema,YES,"Destiny, fate, portion",Sanskrit,,EASY
Nemi,YES,"Lightning, Quick, Nimble",Sanskrit,,EASY
Nenaya,MAYBE,,"Could be a variant or derivative of a name, not directly traceable to a common Hindu name",,EASY
Nethra,YES,Eye (Sanskrit),Sanskrit,,EASY
Neti,YES,Good conduct (Sanskrit),Sanskrit,,EASY
Netra,YES,Eye (Sanskrit),Sanskrit,,EASY
Netraa,YES,Eye (Sanskrit),Sanskrit,,EASY
Neya,MAYBE,A variant of Naya (Hindi: new),Hindi,,EASY
Nia,MAYBE,"Aim, purpose (Sanskrit)",Sanskrit,,EASY
Nidhi,YES,Treasure,Sanskrit,,EASY
Nidita,MAYBE,"Dedicated, Offered",Sanskrit,,EASY
Niharika,YES,Dew drops,Sanskrit,,EASY
Nihira,MAYBE,Newly found treasure,Sanskrit,Retroflex R,MODERATE
Nikitha,YES,Earth (Sanskrit),Sanskrit,Aspirated 'Th' will be pronounced as 'T',HARD
Nila,YES,Blue,Sanskrit,,EASY
Nilab,MAYBE,Blue water,Combination of Nila (Sanskrit) and ab (Persian),,EASY
Nilah,YES,Blue,Sanskrit,,EASY
Nili,YES,Blue,Sanskrit,,EASY
Nilia,YES,Blue,Sanskrit,,EASY
Nilisha,YES,Blue,Sanskrit,Sh sound,MODERATE
Nilmini,YES,Combination of nila (blue) and mini,Sanskrit-based,,EASY
Nilofar,MAYBE,Water Lily,"Persian origin, but used in India.",,EASY
Nilofer,MAYBE,Water Lily,"Persian origin, but used in India.",,EASY
Niloofar,MAYBE,Water Lily,"Persian origin, but used in India.",,EASY
Niloufar,MAYBE,Water Lily,"Persian origin, but used in India.",,EASY
Nilufar,MAYBE,Water Lily,"Persian origin, but used in India.",,EASY
Niluka,MAYBE,Nilu is a diminutive of names including the root nil (blue).,"Sinhala origin, derived from Sanskrit nila.",,EASY
Nilya,YES,Blue,Sanskrit,,EASY
Nilaani,MAYBE,A variation of Nilani.,Combination of Sanskrit origin with potential Hawaiian influence.,,EASY
Nim,YES,"Niyam (rules, laws)",Derived from Sanskrit word.,,EASY
Nimi,YES,Flame,Sanskrit,,EASY
Nimisha,YES,"Momentary, twinkling of an eye",Sanskrit,Sh sound,MODERATE
Nimrat,YES,Modest,Sikh origin,Retroflex T is difficult,HARD
Nimreet,MAYBE,Sweet,Punjabi/Sikh origin; derived from Amrit (nectar). 'Nim' is a common prefix. Means 'sweet',Retroflex T is difficult,HARD
Nina,MAYBE,"Grace, beauty","Russian/Spanish origin, however a short form of Hindu names.",,EASY
Nína,MAYBE,"Grace, beauty","Russian/Spanish origin, however a short form of Hindu names.",,EASY
Nira,YES,Water (Sanskrit),Sanskrit,,EASY
Niracha,YES,Beautiful,Indian,Retroflex R,MODERATE
Niravana,YES,Bliss (Sanskrit),Sanskrit/Pali,Retroflex R,MODERATE
Nirmala,YES,"Pure, spotless (Sanskrit)",Sanskrit,Retroflex R,MODERATE
Nirmaljit,YES,Pure victory (Sanskrit),Sanskrit,"Retroflex R, J will be Y",HARD
Nirojini,YES,River,Indian,"Retroflex R, J will be Y",HARD
Nirooshika,MAYBE,Unknown,Possible Indian name,"Retroflex R, SH",MODERATE
Nirrvana,YES,Bliss (Sanskrit),Sanskrit/Pali,Retroflex R,MODERATE
Nirubha,YES,Without limit,Indian,Retroflex R,MODERATE
Nirvana,YES,Bliss (Sanskrit),Sanskrit/Pali,Retroflex R,MODERATE
Nirvani,YES,Blissful (Sanskrit),Sanskrit/Pali,Retroflex R,MODERATE
Nirvanna,YES,Bliss (Sanskrit),Sanskrit/Pali,Retroflex R,MODERATE
Nirvi,MAYBE,Bliss,Possible Indian name,Retroflex R,MODERATE
Niscinta,YES,Carefree (Sanskrit),Sanskrit,SH,MODERATE
Nisha,YES,Night (Sanskrit),Sanskrit,SH,MODERATE
Nishana,YES,"Mark, symbol",Indian,SH,MODERATE
Nishanka,YES,Fearless,Indian,SH,MODERATE
Nishara,YES,Nature (Hindi),Hindi,"SH, Retroflex R",MODERATE
Nishika,YES,"Honest, golden",Indian,SH,MODERATE
Nishka,YES,Honest,Indian,SH,MODERATE
Nishu,YES,Lord Shiva,Indian,SH,MODERATE
Nita,YES,"Moral, righteous (Sanskrit)",Sanskrit,,EASY
Nitara,YES,Deeply rooted,Indian,Retroflex T,MODERATE
Nitasha,YES,Like the first rays of the sun,Indian,"SH, Retroflex T",MODERATE
Nitha,MAYBE,Well-behaved,Possible Indian name,"Retroflex T, Aspirated TH",HARD
Nitharsana,YES,"One who is gentle, caring and sympathetic.",Indian,"Retroflex T, Retroflex R, SH",HARD
Nithila,YES,Like a jewel,Indian,Retroflex T,MODERATE
Nithiya,YES,"Eternal, forever (Tamil)",Tamil,Retroflex T,MODERATE
Nithya,YES,"Eternal, forever (Sanskrit)",Sanskrit,Retroflex T,MODERATE
Nithyapriya,YES,Eternally beloved,Indian,Retroflex T,MODERATE
Nitiya,YES,"Eternal, forever",Indian,Retroflex T,MODERATE
Nitya,YES,"Eternal, forever (Sanskrit)",Sanskrit,Retroflex T,MODERATE
Nityasha,YES,Eternal hope,Indian,"Retroflex T, SH",MODERATE
Nivedita,YES,One who offers service,Indian,Retroflex D,MODERATE
Nivetha,YES,"A sacrifice, an offering",Indian,Retroflex T,MODERATE
Nivi,YES,"Light, beam of light",Sanskrit,,EASY
Nivia,MAYBE,,"Could be a variation of Nivi, but also a modern invented name. Similar to Olivia, but with 'Ni' prefix.",,EASY
Nivriti,YES,"Bliss, ultimate happiness, cessation of worldly desires",Sanskrit,Retroflex T and R,HARD
Nivaaz,MAYBE,"Dwelling, abode","Persian/Urdu origin, used by some Indian Muslims",,EASY
Niyat,MAYBE,"Intention, purpose","Arabic/Persian, but may be found among Indian Muslims. Closest Sanskrit name is *Niyati* (Destiny)",Retroflex T sound.,MODERATE
Nyima,MAYBE,"Sun/Ray of Light (Tibetan, Sanskrit connections)","Tibetan origin, but potential Sanskrit connection via Buddhism",,EASY
Naadiya,MAYBE,,Similar to Nadia,,EASY
Naala,MAYBE,Stem of Nala (Hindu Mythological King),,,EASY
Naavya,YES,New,Sanskrit,,EASY
Ohm,YES,Sacred syllable (sound),Sanskrit,,EASY
Oishini,YES,Belonging to Lord Shiva,Bengali,,EASY
Ojashree,YES,"Lustrous, radiant",Sanskrit,Retroflex 'sh',HARD
Ojaswi,YES,"Bright, radiant",Sanskrit,,EASY
Oka,YES,Home; Shelter,Telugu,,EASY
Omya,MAYBE,,"Possible Sanskrit origin, related to Om",,EASY
Orana,MAYBE,,"Sounds like Aruna, can be a variant",,EASY
Orjoon,MAYBE,,Variant of Arjun,Retroflex J will be pronounced as Yyoon,HARD
Ovina,MAYBE,,May sound like a Sanskrit origin name,,EASY
Oviya,YES,"Painting, Beautiful drawing",Tamil,,EASY
Pabodhi,YES,Awakening,Pali,The 'dh' will be pronounced as 'd',HARD
Padme,YES,Lotus,Sanskrit,,EASY
Palavi,YES,"Sprout, Blossom",Sanskrit,,EASY
Palisha,MAYBE,,Sounds similar to Hindu names,,EASY
Pallavi,YES,"Sprout, Blossom",Sanskrit,,EASY
Palpasa,YES,name of a flower,Nepali,,EASY
Pamila,MAYBE,,Sounds like Hindu name,,EASY
Pancha,YES,Five,Sanskrit,,EASY
Panchali,YES,Draupadi's name,Sanskrit,,EASY
Panda,YES,"Can mean auspicious, beneficial (related to Pandava)",Sanskrit,,EASY
Pandita,YES,Learned,Sanskrit,,EASY
Panditha,YES,Learned,Sanskrit,Aspirated 'Th' will be pronounced as 'T',MODERATE
Pandu,YES,Pale,Sanskrit,,EASY
Pani,YES,Water,Sanskrit,,EASY
Panida,MAYBE,,Could be Thai influenced by Sanskrit,,EASY
Panisara,MAYBE,,Could be Thai influenced by Sanskrit,,EASY
Panita,MAYBE,,Could be Thai influenced by Sanskrit,,EASY
Panna,YES,Emerald,Hindi,,EASY
Panu,MAYBE,,"Name found in India, but not definitively Hindu.",,EASY
Par,MAYBE,"Beyond, over","Sanskrit, can be a prefix",,EASY
Paramis,MAYBE,,Possible variation of Paramita,,EASY
Paramita,YES,Perfection,Sanskrit,,EASY
Parbati,YES,Parvati,Hindi,,EASY
Pari,YES,Fairy,Hindi/Persian (common in India),,EASY
Paridhi,YES,Boundary,Sanskrit,,EASY
Parina,MAYBE,Fairy,"Persian origin, used in India",,EASY
Parinika,YES,A small leaf,Sanskrit,,EASY
Paritida,YES,Sanskrit word meaning 'adorned' or 'beautiful',Sanskrit,,EASY
Pariya,YES,A fairy,Indian/Persian,,EASY
Parmila,YES,Wisdom,Sanskrit,,EASY
Parnika,YES,"A small leaf, Goddess Parvati",Sanskrit,,EASY
Parvana,YES,Butterfly,"Persian origin, used in India",,EASY
Parvane,YES,Butterfly,"Persian origin, used in India",,EASY
Parvati,YES,Daughter of the mountains,Sanskrit,,EASY
Parwana,YES,Butterfly,"Persian origin, used in India",,EASY
Parya,YES,Fairy,"Persian origin, used in India",,EASY
Pavana,YES,"Wind, air (Sanskrit)",Sanskrit,,EASY
Payal,YES,Anklet (Hindi),Hindi,,EASY
Payana,YES,"Journey, travel (Sanskrit)",Sanskrit,,EASY
Pema,YES,Lotus (Tibetan),Tibetan Buddhism,,EASY
Pia,MAYBE,Pious (Latin),Latin origin. Could be used in Hindu context but not specifically Hindu. May also be short for Indian names e.g. Priyanka.,,EASY
Pinki,MAYBE,Rose-colored (Hindi),Hindi origin,,EASY
Piriya,MAYBE,Beloved,Could be a variant of Priya,,EASY
Piya,YES,Beloved,Sanskrit,,EASY
Pooja,YES,Worship,Sanskrit/Hindi,,EASY
Poomika,YES,The Earth,Sanskrit,,MODERATE
Poonkulali,YES,Name of a raga; one who plays the flute (Tamil),Tamil,l sounds might be challenging,MODERATE
Poorna,YES,Complete/Full,Sanskrit/Hindi,,EASY
Poovitha,YES,Sanctified,Tamil,,MODERATE
Poovizhi,YES,Flower Eyes (Tamil),Tamil,zh sound,HARD
Prabhsimran,YES,Remembrance of God's glory,"Sikh/Punjabi - Hindu-adjacent, includes Hindu deities/concepts",Bh will be pronounced as B,MODERATE
Prabhuti,YES,Great glory,Sanskrit,Bh will be pronounced as B,MODERATE
Pragati,YES,Progress,Sanskrit/Hindi,,EASY
Pragya,YES,Wisdom,Sanskrit/Hindi,,EASY
Prahi,YES,Lord,Sanskrit,,EASY
Prajeeva,YES,Long Life,Sanskrit,J will be pronounced as Y,MODERATE
Prajna,YES,Wisdom,Sanskrit/Hindi,,EASY
Pramisha,YES,God of love,Sanskrit,,EASY
Pramiti,YES,"Truth, understanding, wisdom",Sanskrit,,EASY
Pranauti,YES,Praise,Sanskrit,,MODERATE
Pranavi,YES,Goddess Parvati,Sanskrit,,EASY
Pranesha,YES,Lord of life,Sanskrit,,EASY
Praneska,MAYBE,,Could be a variant of Pranesha,,EASY
Pranika,YES,Eminent,Sanskrit,,EASY
Pranisa,MAYBE,,Possible variant of Pranisha,,EASY
Pranisha,YES,Lord of Life,Combination of Prana (life) and Isha (lord),,EASY
Pranusha,YES,First rays of the morning Sun,Sanskrit,,EASY
Pranuska,MAYBE,,Likely a modern variant of Pranusha,,EASY
Pranya,YES,"Affectionate, Loving",Sanskrit,,EASY
Prarthana,YES,Prayer,Sanskrit,,EASY
Prashna,YES,Question,Sanskrit,,EASY
Prashuthika,MAYBE,,"Modern, rare, sounds Hindu",,EASY
Prasiddhi,YES,"Accomplishment, Fame",Sanskrit,,EASY
Prasitha,YES,"Originated, Famous",Sanskrit,,EASY
Prasuna,YES,Flower,Sanskrit,,EASY
Prathissha,MAYBE,,Variant of Prathisha,ss sound,MODERATE
Pratoshi,MAYBE,,"Modern, rare, sounds Hindu",,EASY
Pratyusha,YES,Dawn,Sanskrit,,EASY
Praveena,YES,"Skilled, Expert",Sanskrit,,EASY
Pravisha,YES,To enter,Sanskrit,,EASY
Pravya,MAYBE,,"Likely modern, sounds Hindu",,EASY
Preet,YES,Love,Punjabi,,EASY
Preethi,YES,"Love, Affection",Sanskrit,,EASY
Preeti,YES,"Love, Affection",Sanskrit,,EASY
Preila,MAYBE,,"Modern, sounds Hindu",,EASY
Premasha,MAYBE,,Combination of Prem (love) and Isha (god),,EASY
Preneet,YES,Loved one,Punjabi,,EASY
Pretika,MAYBE,,"Modern, sounds Hindu",,EASY
Prianna,MAYBE,,"Modern, sounds Hindu. Combination of Priya and Anna",,EASY
Prianshi,YES,Lovable part,Sanskrit,,EASY
Priesha,MAYBE,,"Modern, sounds Hindu, likely a variant of Prisha/Priya",,EASY
Prija,MAYBE,,"Short form of Priya, common in Indian communities",,EASY
Primrata,MAYBE,,Combination of Prim (english name) and -rata (Sanskrit suffix meaning devoted to),,EASY
Prinsha,MAYBE,,"Modern, sounds Hindu, variant of Priyanshi",,EASY
Prinsika,MAYBE,,"Modern, sounds Hindu",,EASY
Prinsu,MAYBE,,"Modern, sounds Hindu, likely a nickname",,EASY
Priota,MAYBE,,"Modern, sounds Hindu",,EASY
Prisha,YES,"Loved, dear, loving",Sanskrit,,EASY
Prishika,MAYBE,,"Modern, sounds Hindu",,EASY
Prishti,MAYBE,,"Modern, sounds Hindu",,EASY
Pritha,YES,"Another name for Kunti, mother of Pandavas",Sanskrit,,EASY
Prithika,YES,"Flower, Earth",Sanskrit,,EASY
Priti,YES,"Love, pleasure",Sanskrit,,EASY
Pritika,YES,Beloved,Sanskrit,,EASY
Priva,MAYBE,,"Modern, sounds Hindu, variant of Priya",,EASY
Priya,YES,Beloved,Sanskrit,,EASY
Priyal,YES,Beloved,Sanskrit,,EASY
Priyanka,YES,"Lovable act, beautiful symbol",Sanskrit,,EASY
Priyanshi,YES,Lovable part,Sanskrit,,EASY
Priyantha,MAYBE,,"Modern, sounds Hindu",,EASY
Priyasha,YES,Dear one,Sanskrit,,EASY
Priyota,MAYBE,,"Modern, sounds Hindu",,EASY
Puja,YES,Worship,Sanskrit,,EASY
Pujka,MAYBE,,"Modern, diminutive of Puja",,EASY
Punam,YES,Full Moon,Hindi,,EASY
Punarvasu,YES,Name of a Nakshatra (constellation),Sanskrit,,EASY
Pushpa,YES,Flower,Sanskrit,,EASY
Puspa,MAYBE,,Alternative spelling of Pushpa,,EASY
Putti,YES,"A young girl, doll, small image (Hindi)",Hindi,,EASY
Putu,YES,Eldest child (Balinese),"Balinese, often used in Hindu Balinese culture",,EASY
Paarkavi,YES,One who is capable of writing good poetry (Tamil),Tamil,Retroflex R,MODERATE
Rada,MAYBE,"Counsel (Slavic), variant of Radha (Hindu)","Slavic, possible relation to Radha",,EASY
Raddhi,YES,Prosperity (related to Siddhi),Sanskrit,dd is a sound not common in Danish,MODERATE
Radeya,YES,Son of Radha,Sanskrit,,EASY
Radha,YES,"Prosperity, Success (Sanskrit)",Sanskrit,,EASY
Radhika,YES,Belonging to Radha (Sanskrit),Sanskrit,,EASY
Radhiya,MAYBE,,,,EASY
Radia,MAYBE,,,,EASY
Radima,MAYBE,,,,EASY
Radiya,MAYBE,,,,EASY
Raivang,YES,,Indian,,EASY
Raiya,MAYBE,,,,EASY
Rajana,MAYBE,,,,EASY
Rajkumari,YES,Princess (Hindi),Hindi,,EASY
Rajwwinder,YES,,Punjabi/Sikh,,EASY
Rajya,YES,"Kingdom, dominion (Sanskrit)",Sanskrit,"J will be pronounced as Y, making it Rayya",HARD
Rakavi,YES,,Indian,,EASY
Raksha,YES,Protection (Sanskrit),Sanskrit,,EASY
Rakul,MAYBE,,Indian,,EASY
Ramas,MAYBE,,,,EASY
Rameena,MAYBE,,,,EASY
Ramina,MAYBE,,"Sounds Hindu, could be a variant of Rama or a Slavic name.",,EASY
Ramisa,MAYBE,,"Sounds Hindu, possibly a variant of Rama with a common feminine suffix.",,EASY
Ramisha,MAYBE,,"Sounds Hindu, possibly a variant of Rama with a common feminine suffix.",,EASY
Ramita,YES,"Pleasing, delightful",Sanskrit,,EASY
Ramnik,YES,"Beautiful, charming",Sanskrit,,EASY
Ramyaa,YES,Beautiful,Sanskrit,,EASY
Ramaa,YES,"Lakshmi, Goddess of prosperity",Sanskrit,,EASY
Rangina,MAYBE,,"Sounds Hindu, similar to Rangini",,EASY
Ranita,YES,"Moving, tinkling",Sanskrit,,EASY
Ranja,MAYBE,,"Sounds Hindu, but could be other origins.",,EASY
Ranjani,YES,"Delightful, pleasing",Sanskrit,,EASY
Ranjanie,MAYBE,,Variant of Ranjani.,,EASY
Ranjanna,MAYBE,,Possible variation of Ranjana.,,EASY
Ranya,MAYBE,,"Sounds Hindu, could be a variation of Rani.",,EASY
Rasa,YES,"Essence, juice",Sanskrit,,EASY
Rasala,YES,Sugarcane,Sanskrit,,EASY
Ratan,YES,"Jewel, gem",Sanskrit,,EASY
Ratchanan,MAYBE,,"Thai origin, but sounds similar to Sanskrit names. Common in Thailand, where Hinduism has some influence.",,MODERATE
Rattana,MAYBE,Jewel,"Thai origin, derived from Ratan (Sanskrit for jewel)",,EASY
Raveena,YES,Sunshine,Sanskrit,,EASY
Ravleen,YES,Absorbed in God,"Punjabi, combines 'Rav' (absorbed) and 'leen' (God).",,EASY
Raweena,YES,Sunshine,"Variant of Raveena, Sanskrit",,EASY
Rayali,MAYBE,,"Sounds Hindu, possible combination of Raya and a suffix.",,EASY
Rayeena,MAYBE,Possibly related to Reina/Raina; Reena is a common Indian name,Combination of multiple roots; could be a variant of Indian names like Reena,,EASY
Rayna,MAYBE,Queen,"Slavic origin, but sounds similar to Raina which exists as an Indian name",,EASY
Raynah,MAYBE,Queen,"Variant of Rayna; Slavic origin, but sounds similar to Raina which exists as an Indian name",,EASY
Reema,MAYBE,Possibly a variant of Rima/Seema,"Could be of Indian origin, similar to Rima or Seema",,EASY
Reena,YES,Dissolved,Sanskrit,,EASY
Reenu,YES,"Atom, grain of sand",Sanskrit,,EASY
Reeva,MAYBE,River,"Could be a variation of Reva, the name of a sacred river",,EASY
Reevah,MAYBE,River,"Could be a variation of Reva, the name of a sacred river",,EASY
Reeya,YES,Singer,Indian,,EASY
Rehanshi,MAYBE,"Portion, ray of light",Mix of Rehan (Persian/Arabic) and Anshi (Hindu origin - portion or ray),,EASY
Reina,MAYBE,Queen,"Spanish/Italian origin, but sounds similar to Indian names",,EASY
Reinna,MAYBE,"Variant of Reina, possibly combined with Reena","Combination of Reina (Spanish/Italian, Queen) and Reena (Sanskrit, dissolved)",,EASY
Rekha,YES,Line,Sanskrit,,EASY
Rema,MAYBE,"Lakshmi, prosperity, also means 'border' or 'hem' in other languages",Sanskrit/Hebrew,,EASY
Renjinisri,YES,Combination of Renjini (delightful) and Sri (prosperity/beauty),Indian,,MODERATE
Renuka,YES,Mother of Parashurama,Sanskrit,,EASY
Resha,MAYBE,Ray of light,Indian origin,,EASY
Resham,YES,Silk,Sanskrit/Hindi,,EASY
Reva,YES,Name of a river,Sanskrit,,EASY
Rewa,YES,Another name for the Narmada River,Sanskrit,,EASY
Reya,YES,Singer,Indian,,EASY
Rhea,MAYBE,Flowing,"Sanskrit, Greek",,EASY
Ria,YES,Singer,Indian,,EASY
Riana,MAYBE,"Royal, Graceful","Indian, Welsh",,EASY
Rianshi,YES,Combination of Rian (little king) and Anshi (portion),Indian,,EASY
Richa,YES,"Hymn, verse of the Vedas",Sanskrit,,EASY
Riddhika,YES,"Prosperity, success (Sanskrit)",Sanskrit,,EASY
Ridhima,YES,Full of love (Sanskrit),Sanskrit,,EASY
Ridhvi,YES,Goddess Durga (Hindu),Hindu,,EASY
Ridima,YES,Full of love (Sanskrit),Sanskrit,,EASY
Rihana,MAYBE,Sweet Basil (Arabic),Arabic but sounds similar to Hindu names,,EASY
Rihaan,YES,"Chosen one, beautiful (Sanskrit)",Sanskrit,,EASY
Rija,YES,Goddess Lakshmi (Hindi),Hindi,,EASY
Rijana,MAYBE,Similar to Rihana,Sounding like Hindu but likely derived from Rihana,,EASY
Rila,MAYBE,Faithful (Hindi),Hindi origin,,EASY
Rim,MAYBE,"Jewel, Gem (Arabic)",Arabic origin,,EASY
Rima,MAYBE,A goddess (Sanskrit),Sanskrit,,EASY
Rina,YES,"Dissolved (Hebrew), but sometimes used in India",May be of Hebrew origin but has some usage in India.,,EASY
Riona,MAYBE,,"Possible Sanskrit origin, but also Irish.",,EASY
Riphawan,YES,,Combination of Sanskrit words 'Ripu' (enemy) and 'Van' (forest).,H,MODERATE
Risha,YES,Saintly; Feather,Sanskrit,,EASY
Rishika,YES,"Saintly, Pious, Learned",Sanskrit,,EASY
Rishmika,YES,,Likely a modern name of Sanskrit origin.,,EASY
Rishta,YES,Relation,Hindi,Retroflex T,MODERATE
Rishtina,YES,,Combination of Sanskrit and possible modern naming conventions.,Retroflex T,MODERATE
Rishaany,YES,,Likely a modern name of Sanskrit origin.,,EASY
Rit,YES,Truth,Sanskrit,,EASY
Rita,YES,Brave,Sanskrit,,EASY
Rith,YES,"Tradition, Custom",Sanskrit,Th sound,MODERATE
Ritha,YES,Brave,Sanskrit,Th sound,MODERATE
Rithi,YES,Method,Sanskrit,Th sound,MODERATE
Rithika,YES,A small river or stream.,Sanskrit,Th sound,MODERATE
Rithusana,YES,,Likely Tamil or Telugu origin,Retroflex consonants common in South Indian languages,HARD
Rithvi,YES,"Right guidance, happy",Sanskrit,"Th sound, V will soften to W",MODERATE
Rithvika,YES,Kind hearted,Sanskrit,"Th sound, V will soften to W",MODERATE
Rithya,YES,,Likely a modern Hindu name.,Th sound,MODERATE
Riti,YES,"Method, Way",Sanskrit,,EASY
Ritisha,YES,Goddess of truth,Sanskrit,Retroflex consonant. 'sh' as in 'shoe',MODERATE
Ritvi,YES,,Likely derived from Rithvi,V will soften to W,EASY
Riva,MAYBE,Star,"Sanskrit origin, but also Hebrew",,EASY
Riya,YES,Singer,Sanskrit,,EASY
Riyana,YES,Graceful,Sanskrit,,EASY
Riyanshi,YES,Cheerful,Sanskrit,Retroflex consonant. 'sh' as in 'shoe',MODERATE
Riyo,YES,,Likely derived from Riya.,,EASY
Rodoshi,YES,Sweet sunlight,Bengali,Retroflex 'sh' as in 'shoe',MODERATE
Roha,YES,"Soul, spirit (Arabic), also a place name in India",Arabic/Indian Place Name,,EASY
Roja,YES,"Day in Malayalam. Also, red (color) in Kurdish.",Malayalam/Kurdish,,EASY
Rona,MAYBE,Mountain of Joy/Light (Hebrew/Gaelic),Multiple origins,,EASY
Ronahi,YES,"Light (Kurdish). Potentially light, brightness in Sanskrit.",Kurdish/Sanskrit,,EASY
Ronika,YES,True Image (Sanskrit),Sanskrit,,EASY
Ronjana,YES,"Singing, buzzing (Sanskrit)",Sanskrit,,EASY
Roopali,YES,"Beautiful, Pretty (Hindi)",Hindi,,EASY
Roopraj,YES,Lord of beauty (Hindi),Hindi,,EASY
Roopsara,YES,Essence of beauty (Hindi),Hindi,,EASY
Rosakarma,MAYBE,"Rose (Western) + Karma (Action, fate)",Combination of Western and Sanskrit origins,,EASY
Rosemaya,MAYBE,"Combination of Rose and Maya, possibly a variant of the Hindu name",Combination of Western Rose and possible Hindu Maya,,EASY
Roshna,MAYBE,Bright (Urdu/Hindi),Hindi/Urdu origin,,EASY
Roshni,YES,Light (Hindi),Hindi origin,,EASY
Rosaananda,MAYBE,Rose of bliss (blended),Combination of 'Rosa' and 'Ananda' (Sanskrit),Double 'a' may be tricky,MODERATE
Rudhra,MAYBE,Fearsome (form of Shiva),Alternate spelling of Rudra,Retroflex 'd',HARD
Ruhana,YES,Spiritual,Related to 'Ruh' (soul/spirit),,EASY
Ruhanika,YES,N/A,Combination name derived from 'Ruhana',,EASY
Ruhaniyat,YES,Spirituality,Derived from 'Ruh' (soul/spirit),,EASY
Rukmini,YES,Adorned with gold (Sanskrit),Sanskrit,,EASY
Runa,MAYBE,Secret (Old Norse),"Scandinavian origin, but could be confused for a Hindu name",,EASY
Rupa,YES,Silver (Sanskrit); Form/beauty (Sanskrit),Sanskrit,,EASY
Rupali,YES,Beautiful (Hindi),Hindi,,EASY
Rupi,MAYBE,Silver,"Diminutive of Rupa, but also found in other cultures.",,EASY
Rushika,YES,Saintly (Sanskrit),Sanskrit,,EASY
Rushna,MAYBE,Light,Could be a variant of Rushika,,EASY
Ruthra,YES,Angry,Another name for Shiva.,Retroflex 'th' sound,HARD
Ruthvika,YES,Goddess Parvati,Hindu Mythology,Retroflex 'th' sound.,HARD
Rutu,YES,Season (Sanskrit),Sanskrit,,EASY
Ruwani,YES,A flowing stream,"Could be Sanskrit origin, or Sinhala/Sri Lankan origin. 'Ruwan' means jewel in Sinhala. ",,EASY
Ruwanthi,YES,Beautiful,Sinhala/Sri Lankan. 'Ruwan' (jewel) and suffix 'thi' implies beauty.,Retroflex 'th',HARD
Rya,MAYBE,Singer (Irish origin),"Irish origin, but could be confused as Indian. Small chance it's a variant of a Sanskrit name.",,EASY
Saba,MAYBE,Morning (Arabic/Swahili); possibly related to beauty/youth in some cultures,"Arabic/Swahili, could exist in Indian diaspora",,EASY
Sabina,MAYBE,"Possibly related to 'Sabitri', or 'Sabine woman'.",Sabitri is a Hindu goddess. Sabina is also a common European name.,,EASY
Sachi,YES,"Grace, blessing (Japanese or Indian)",Can be Japanese or Sanskrit; Sachi is also another name for Hindu goddess Indrani (Shachi),,EASY
Sadhvi,YES,Ascetic woman (Sanskrit),Sanskrit,,EASY
Sadhvika,YES,A well mannered girl,Sanskrit,,EASY
Saesha,MAYBE,With true desire & hope (Sanskrit),Sanskrit origin but not commonly used,,EASY
Safalta,YES,Success (Sanskrit),Sanskrit,,EASY
Sagara,YES,Ocean (Sanskrit),Sanskrit,,EASY
Saha,MAYBE,Possessing (Sanskrit),Sanskrit,,EASY
Sahana,YES,Raga in Indian classical music,Sanskrit,,EASY
Sahanah,YES,Raga in Indian classical music,Sanskrit,,EASY
Sahasra,YES,A thousand (Sanskrit),Sanskrit,,EASY
Sahiba,YES,"Lady, Companion (Hindi/Urdu, adopted into Indian culture)",Hindi/Urdu,,EASY
Sahaana,YES,Raga in Indian classical music,Sanskrit,,EASY
Sahaanaa,YES,Raga in Indian classical music,Sanskrit,,EASY
Saianshree,YES,Gift of Sai,Combination of Sai (Hindu God) and Shree (Lakshmi/Prosperity),,EASY
Saina,YES,Princess (Indian),Indian origin,,EASY
Sainabha,MAYBE,,"Could be a variation of Hindu names, but not well-established.",Bh will be pronounced as B,MODERATE
Saindhavi,YES,"Name of a Raga, Belonging to the Indus region",Sanskrit,"Dh will be pronounced as D, v often softens to w",MODERATE
Sainthavi,MAYBE,,Possible variation of Saindhavi,"Th pronounced as T, v often softens to w",MODERATE
Saira,MAYBE,Princess (variant of Sarah),"Appears in some Hindu contexts, but more commonly associated with other cultures.",,EASY
Saisa,MAYBE,,Could be a variation of Saisha,,EASY
Saisha,YES,With great desire and wish,Indian origin,,EASY
Saisri,YES,"Combination of Sai (divine) and Sri (Lakshmi, prosperity)",Indian,,EASY
Saiya,YES,Shadow of the Goddess,Indian origin,,EASY
Sajana,YES,Beloved,Indian,,EASY
Sakar,YES,"Form, shape",Sanskrit,Retroflex R,MODERATE
Sakitha,MAYBE,,"Sounds Hindu, but rare. Possible corruption of a legitimate name",Th pronounced as T,EASY
Sakri,MAYBE,,"Could be a variation of Hindu names, but not well-established.",Retroflex R,MODERATE
Sakshi,YES,"Witness, evidence",Sanskrit,,EASY
Sakti,YES,"Power, energy, the divine feminine principle",Sanskrit,,EASY
Sakunthala,YES,"Name of a nymph in Hindu mythology, fostered by birds",Sanskrit,Th pronounced as T,MODERATE
Sama,MAYBE,"Equal, alike, same (Sanskrit)",Sanskrit,,EASY
Samadhi,YES,A state of meditative consciousness (Sanskrit),Sanskrit,,EASY
Samadita,YES,One who has Samadhi (Sanskrit),Sanskrit,,MODERATE
Samaira,YES,"Enchanting, Goddess Lakshmi (Sanskrit)",Sanskrit,,EASY
Samana,YES,"Air, wind, equal (Sanskrit)",Sanskrit,,EASY
Samandip,YES,"Lamp of peace, or whole island (Combination of Sanskrit words)",Sanskrit/Indian,,MODERATE
Samanpreet,MAYBE,"One who loves balance, level or equal (Sanskrit/Punjabi)",Sanskrit/Punjabi,,MODERATE
Samanta,MAYBE,"Border, boundary (Sanskrit)","Sanskrit, but also Western",,EASY
Samantha,MAYBE,"Border, boundary (Sanskrit)","Sanskrit, but also Western",,EASY
Samanvi,YES,One having best qualities,Indian,,EASY
Samasti,YES,"Achieving, accomplishing (Sanskrit)",Sanskrit,,EASY
Samatchaya,YES,"Collection, accumulation (Sanskrit)",Sanskrit,,MODERATE
Samawada,YES,"Harmony, agreement (Sanskrit)",Sanskrit,,MODERATE
Samaya,YES,Time (Sanskrit),Sanskrit,,EASY
Sambhavi,YES,"Goddess Durga, Originating from Shambhu (Lord Shiva) (Sanskrit)",Sanskrit,,EASY
Sambika,YES,A form of Parvati (Sanskrit),Sanskrit,,EASY
Sameera,YES,Early morning fragrance (Sanskrit),Sanskrit,,EASY
Sameerah,YES,Early morning fragrance (Sanskrit),Sanskrit,,EASY
Sameet,YES,"Calm, composed, balanced",Indian,,EASY
Samera,YES,Early morning fragrance (Sanskrit),Sanskrit,,EASY
Samhita,YES,A collection of Vedic texts (Sanskrit),Sanskrit,,EASY
Samiira,YES,Early morning fragrance (Sanskrit),Sanskrit,,EASY
Samiksha,YES,"Analysis, review (Sanskrit)",Sanskrit,,EASY
Samira,YES,Early morning fragrance (Sanskrit),Sanskrit,,EASY
Samirah,YES,Early morning fragrance (Sanskrit),Sanskrit,,EASY
Samisha,YES,"Golden, Beautiful",Indian,,EASY
Samman,YES,"Respect, honor",Indian origin,,EASY
Sampada,YES,"Wealth, prosperity (Sanskrit)",Sanskrit,,EASY
Samprada,YES,"Tradition, custom (Sanskrit)",Sanskrit,,EASY
Samragyee,YES,Empress,Sanskrit,,EASY
Samragyi,YES,Empress (Sanskrit),Sanskrit,,EASY
Samriddhi,YES,"Prosperity, growth (Sanskrit)",Sanskrit,,EASY
Samrita,YES,Nectar,Indian,,EASY
Samriti,YES,Remembrance,Indian,,EASY
Samruddhi,YES,"Prosperity, growth (Sanskrit)",Sanskrit,,EASY
Samsara,YES,The cycle of birth and death (Sanskrit),Sanskrit,,EASY
Samsmarika,YES,Remembrance,Indian,,EASY
Samvida,YES,Knowledge (Sanskrit),Sanskrit,,EASY
Samya,YES,"Equal, same",Indian,,EASY
Samyukta,YES,"United, combined (Sanskrit)",Sanskrit,,EASY
Sananda,YES,"Happy, joyful (Sanskrit)",Sanskrit,,EASY
Sanaya,YES,"Eminent, distinguished",Indian,,EASY
Sanayah,YES,"Eminent, distinguished",Indian,,EASY
Sandhya,YES,Twilight (Sanskrit),Sanskrit,,EASY
Sanga,MAYBE,Company/Association (Sanskrit),Sanskrit,,EASY
Sanghavi,YES,Name of a Jain Goddess,Indian,V softens to W,EASY
Sanghita,YES,"Musical, well composed",Sanskrit,H after G may be dropped,MODERATE
Sangita,YES,Musical,Sanskrit,,EASY
Sangith,YES,Music,Sanskrit,H after G may be dropped,MODERATE
Sangitha,YES,Musical,Sanskrit,,EASY
Sania,MAYBE,Moment in time / brilliant,Sanskrit/Arabic,,EASY
Sanisha,YES,Lord Shiva,Sanskrit,,EASY
Saniya,MAYBE,Moment in time / brilliant,Sanskrit/Arabic,,EASY
Saniyah,MAYBE,Moment in time / brilliant,Sanskrit/Arabic,,EASY
Sanjana,YES,Gentle,Sanskrit,,EASY
Sanjeeka,YES,"One who is lively, vibrant",Sanskrit,,EASY
Sannecaya,YES,"A store, collection, heap",Sanskrit,,EASY
Sanskriti,YES,Culture,Sanskrit,,EASY
Sansthita,YES,Situated,Sanskrit,Retroflex T,HARD
Santa,MAYBE,Content,Sanskrit/Latin,,EASY
Santhanam,YES,Sandalwood,Tamil,Retroflex N,HARD
Santhi,YES,Peace,Sanskrit,Retroflex T sound,HARD
Santhini,YES,Peaceful,Sanskrit,Retroflex T and N,HARD
Santhiya,YES,Goddess Lakshmi,Tamil,Retroflex T,HARD
Sanu,YES,"Fire, Sun",Sanskrit,,EASY
Sanusha,YES,Having attention,Sanskrit,Sh sound,MODERATE
Sanvi,YES,Goddess Lakshmi,Sanskrit,V often softens to W,EASY
Sanvia,YES,Goddess Lakshmi,Sanskrit,V often softens to W,EASY
Sanya,MAYBE,Born on Saturday,Sanskrit/Russian,,EASY
Sara,MAYBE,Essence,Sanskrit/Hebrew,,EASY
Sára,MAYBE,Essence,Sanskrit/Hebrew,,EASY
Sarah,MAYBE,Essence,Sanskrit/Hebrew,,EASY
Sárah,MAYBE,Essence,Sanskrit/Hebrew,,EASY
Sarahmalika,MAYBE,Combination of Sarah (Princess) and Malika (Queen),Combination of Hebrew and Sanskrit/Arabic,,EASY
Sarahmaya,MAYBE,Combination of Sarah (Princess) and Maya (Illusion/magic),Combination of Hebrew and Sanskrit,J will be pronounced as Y in Maya,MODERATE
Saraki,MAYBE,,Could be a variant of Sarika,,EASY
Sarana,MAYBE,"Shelter, Refuge",Sanskrit,,EASY
Saraswathy,YES,Another spelling of Saraswati,Sanskrit,,MODERATE
Saraswati,YES,"Goddess of knowledge, music, arts, wisdom and learning",Sanskrit,,MODERATE
Saraya,MAYBE,Name of a river mentioned in the Ramayana.,Sanskrit,,EASY
Sarayu,YES,Name of a river mentioned in the Ramayana.,Sanskrit,,EASY
Sargun,YES,Possessing all virtues.,Punjabi/Sanskrit,,EASY
Sarika,YES,A myna bird,Sanskrit,,EASY
Sarita,YES,River,Sanskrit,,EASY
Sarmika,MAYBE,,Sounds Hindu,,EASY
Sarmila,YES,,Indian,,EASY
Sarsa,YES,,Related to Sarswati,,EASY
Sarv,MAYBE,"All, everything",Sanskrit,,EASY
Sashvathi,YES,,Indian,,HARD
Sashwika,MAYBE,,Sounds like Indian,,MODERATE
Sashya,MAYBE,,Could be Hindu,,EASY
Sasiija,YES,Born from lotus,Sanskrit,,EASY
Sasinath,YES,Lord Shiva,Sanskrit,,EASY
Sasveka,MAYBE,,Sounds like Indian,,EASY
Sasya,MAYBE,,Could be Hindu,,EASY
Sathvika,YES,"Calm, quiet",Sanskrit,,EASY
Sati,YES,A virtuous woman,Sanskrit,,EASY
Sattva,YES,"Purity, essence (Sanskrit)",Sanskrit,,EASY
Satviki,YES,"Goddess Durga, pure, truthful (Sanskrit)",Sanskrit,,EASY
Saumyaa,YES,"Mild, tender, beautiful (Sanskrit)",Sanskrit,,EASY
Saura,YES,Relating to the sun (Sanskrit),Sanskrit,,EASY
Sauya,YES,"Mild, gentle (Sanskrit)",Sanskrit,,EASY
Savana,YES,Hindu month of monsoon season,Sanskrit/Hindi,,EASY
Savi,YES,Sun (Sanskrit),Sanskrit,,EASY
Savitha,YES,Sun (Sanskrit),Sanskrit,,EASY
Savithai,YES,Another name for Goddess Lakshmi,Tamil,,EASY
Savitri,YES,"A devoted wife from Hindu mythology, related to the Sun (Sanskrit)",Sanskrit,,EASY
Savya,YES,"Lord Vishnu, skillful (Sanskrit)",Sanskrit,,EASY
Saya,MAYBE,Shade (Sanskrit),Sanskrit and Japanese,,EASY
Sayali,YES,Name of a flower (Marathi),Marathi/Indian,,EASY
Sayanthani,YES,Evening (Sanskrit),Sanskrit,,EASY
Schandra,MAYBE,Moon (Sanskrit: Chandra),Germanized spelling of Chandra,,EASY
Seema,YES,Boundary/Limit,Sanskrit/Hindi,,EASY
Seemal,MAYBE,,,,
Seerat,YES,"Inner beauty, the way",Punjabi/Sikh,Retroflex R,MODERATE
Seeratjot,YES,The light of the path,Punjabi/Sikh,"Retroflex R, J will be pronounced Y",HARD
Seeta,YES,Furrow/ploughed land (related to Goddess Sita),Sanskrit,,EASY
Seetha,YES,Furrow/ploughed land (related to Goddess Sita),Sanskrit,Aspirated 'Th' will be pronounced as 'T',MODERATE
Sejal,YES,River water,Hindi,,EASY
Selva,MAYBE,Forest (Sanskrit),"Sanskrit, also found in other cultures",,EASY
Selvi,YES,"Happy, prosperous (Tamil)",Tamil,,EASY
Semesta,MAYBE,"Universe (Indonesian, derived from Sanskrit)","Indonesian, derived from Sanskrit",,EASY
Senbagavel,YES,Senbaga+Vel. Senbaga is a type of flower; Vel is a divine spear,Tamil,,MODERATE
Senthamil,YES,Refined Tamil (Tamil),Tamil,,MODERATE
Sera,MAYBE,Princess (Hindi),"Hindi origin, also found elsewhere",,EASY
Sevvanthi,YES,Chrysanthemum flower,Tamil,,EASY
Sewa,YES,Service,Sanskrit/Hindi,,EASY
Shabadjot,YES,Jewel of the word,Sikh/Punjabi,None,EASY
Shabana,MAYBE,Of the night,"Persian/Urdu/Arabic origin, also used in India",,EASY
Shabdita,YES,Sounded,Sanskrit,,EASY
Shabnam,MAYBE,Dew,"Persian origin, used in India",,EASY
Shafalie,MAYBE,Variant of Shafali - A kind of tree,Indian,,EASY
Shagufta,MAYBE,Blooming,"Persian/Urdu, used in India",,EASY
Shagun,YES,Auspicious,Hindi,,EASY
Shahana,MAYBE,Beautiful,"Persian/Urdu, also used in India",,EASY
Shahanaa,MAYBE,Beautiful,"Persian/Urdu, also used in India",,EASY
Shaila,YES,Living in mountain,Sanskrit,,EASY
Shailajah,YES,Daughter of mountain,Sanskrit,,MODERATE
Shailene,MAYBE,,Combination of Shaila and 'ene'. Shaila is Sanskrit origin,,EASY
Shaili,YES,"Style, a way",Hindi,,EASY
Shailin,YES,Of the mountain,Sanskrit,,EASY
Shainthavi,YES,Goddess Parvati,Tamil,,MODERATE
Shakshi,YES,Witness,Sanskrit,,EASY
Shakti,YES,"Power, strength, energy, Goddess Durga",Sanskrit,,EASY
Shakya,YES,Lord Buddha's clan,Sanskrit,,EASY
Shalika,YES,Flute,Sanskrit,,EASY
Shalina,YES,Modest,Sanskrit,,EASY
Shalini,YES,Modest,Sanskrit,,EASY
Sham,YES,"Calm, peace, quiet",Sanskrit,,EASY
Shama,YES,Lamp,Sanskrit,,EASY
Shamana,YES,"Holy, sacred",Sanskrit,,EASY
Shambavi,YES,Goddess Parvati,Sanskrit,,EASY
Shambhavi,YES,Goddess Parvati,Sanskrit,,EASY
Shamika,YES,An affectionate name,Sanskrit,,EASY
Shamitha,YES,A peacemaker,Sanskrit,,EASY
Shamli,YES,Silk,Hindi,,EASY
Shampavi,YES,Goddess Parvati,Sanskrit,,EASY
Shamvavi,YES,Goddess Parvati,Sanskrit,,EASY
Shanaya,YES,First Ray of the Sun,Sanskrit,,EASY
Shanjanaa,YES,Goodness,Sanskrit,,EASY
Shanta,YES,Peaceful,Sanskrit,,EASY
Shantha,YES,Peaceful (Sanskrit),Sanskrit,"Sh sound, aspirated Tha may be difficult",MODERATE
Shanthakumary,YES,Peaceful princess (Sanskrit),Sanskrit,"Sh sound, aspirated Tha may be difficult",MODERATE
Shanthi,YES,Peace (Sanskrit),Sanskrit,"Sh sound, aspirated Tha may be difficult",MODERATE
Shanthiny,MAYBE,,Variant of Shanthi,"Sh sound, aspirated Tha may be difficult",MODERATE
Shanthy,MAYBE,,Variant of Shanthi,"Sh sound, aspirated Tha may be difficult",MODERATE
Shanti,YES,Peace (Sanskrit),Sanskrit,Sh sound,EASY
Shantie,MAYBE,,Variant of Shanti,Sh sound,EASY
Shantii,MAYBE,,Variant of Shanti,Sh sound,EASY
Shantti,MAYBE,,Variant of Shanti,Sh sound,EASY
Shanu,YES,"Fire, God (Sanskrit)",Sanskrit,Sh sound,EASY
Shanvi,YES,Goddess Parvati (Sanskrit),Sanskrit,"Sh sound, V may be W",EASY
Shanvika,YES,Goddess Lakshmi (Sanskrit),Sanskrit,"Sh sound, V may be W",EASY
Shanya,MAYBE,,"Possibly related to Shana or Shani, could be Western",Sh sound,EASY
Shara,MAYBE,,Could be related to Sharada but also other origins,Sh sound,EASY
Sharada,YES,Goddess Saraswati (Sanskrit),Sanskrit,"Sh sound, retroflex D",MODERATE
Sharadani,YES,,Related to Sharada,"Sh sound, retroflex D",MODERATE
Sharangi,YES,Name of a musical instrument (Sanskrit),Sanskrit,Sh sound,EASY
Sharanya,YES,Surrender; Protected (Sanskrit),Sanskrit,Sh sound,EASY
Sharda,YES,Goddess Saraswati (Sanskrit),Sanskrit,"Sh sound, retroflex D",MODERATE
Sharika,YES,Goddess Durga (Sanskrit),Sanskrit,Sh sound,EASY
Sharmali,YES,"Combination of Sharmi and Ali, Goddess Durga (Sanskrit)",Sanskrit,Sh sound,EASY
Sharmi,YES,Shy (Sanskrit),Sanskrit,Sh sound,EASY
Sharmila,YES,Comfort; Shelter (Sanskrit),Sanskrit,Sh sound,EASY
Sharmina,MAYBE,,Possibly related to Sharmila but also other origins,Sh sound,EASY
Sharmini,MAYBE,,Possibly related to Sharmila but also other origins,Sh sound,EASY
Sharva,YES,Lord Shiva; One with divine qualities (Sanskrit),Sanskrit,"Sh sound, V may be W",EASY
Shasmitha,YES,Smiling (Sanskrit),Sanskrit,"Sh sound, aspirated Tha may be difficult",MODERATE
Shauli,YES,A river,Indian,Sh sound,EASY
Shaya,MAYBE,,Could be Hebrew or related to Indian names,Sh sound,EASY
Shayana,MAYBE,,Could be related to Indian names,Sh sound,EASY
Sheela,YES,Cool; Character (Sanskrit),Sanskrit,Sh sound,EASY
Sheeva,YES,Lord Shiva (Sanskrit),Sanskrit,"Sh sound, V may be W",EASY
Sheila,MAYBE,"Variant of Celia, possibly related to Sanskrit 'Shila' (stone)",Uncertain - Sanskrit connection is weak.,,EASY
Shikha,YES,"Flame, Peak",Sanskrit,,EASY
Shikrithi,YES,Name of a Raagini,Indian,,MODERATE
Shil,YES,A stone,Sanskrit,,EASY
Shila,YES,Stone,Sanskrit,,EASY
Shilla,MAYBE,Variant of Shila; can be considered Hindu,Sanskrit based.,,EASY
Shini,MAYBE,Bluish,Sanskrit related,,EASY
Shinmaja,YES,Born of the Moon,Sanskrit,,MODERATE
Shiny,YES,"Beautiful, Brilliant",Indian Origin,,EASY
Shirisha,YES,Goddess Lakshmi,Indian,,EASY
Shiroma,MAYBE,,"May sound similar to Hindi/Sanskrit names, but origin unclear.",,EASY
Shiru,MAYBE,,Could be a short form of a Hindu name,,EASY
Shivala,YES,Related to Shiva,Sanskrit,,EASY
Shivani,YES,Goddess Parvati,Sanskrit,,EASY
Shivanshi,YES,Part of Shiva,Sanskrit,,EASY
Shivanya,YES,Part of Shiva,Sanskrit,,EASY
Shivika,YES,Palanquin,Sanskrit,,EASY
Shivleen,YES,Absorbed in Shiva,Sanskrit/Punjabi,,EASY
Shivya,YES,Related to Shiva,Sanskrit,,EASY
Shloka,YES,Verse,Sanskrit,,EASY
Shlokasiddhi,YES,Attainment of a verse,Sanskrit,,EASY
Shoba,YES,"Beauty, Splendor",Sanskrit,,EASY
Shobha,YES,"Beauty, Splendor",Sanskrit,Aspirated Bh will be pronunced as B,MODERATE
Shona,MAYBE,Gold,Scottish/Hindi,,EASY
Shouvagya,YES,"Good Fortune, Auspiciousness",Sanskrit,Aspirated Bh will be pronounced as B,MODERATE
Shova,YES,"Beauty, splendor",Sanskrit,,EASY
Shradha,YES,"Faith, Trust",Sanskrit,Aspirated Dh will be pronounced as D,MODERATE
Shravikareddy,YES,,Combination of Hindu name and common Telugu surname,Retroflex D in Reddy,MODERATE
Shravya,YES,"Melodious, Worth hearing",Sanskrit,,EASY
Shree,YES,"Goddess Lakshmi, Prosperity",Sanskrit,,EASY
Shreedha,YES,Giving prosperity,Sanskrit,Aspirated Dh will be pronounced as D,MODERATE
Shreeharika,YES,,"Combination of Shree and Harika, both associated with deities","Difficult to pronounce combined sounds, and aspirated H in Harika will be dropped.",HARD
Shreekruthi,YES,,"Combination of Shree and Kruthi, both of Sanskrit origin.",,EASY
Shreem,YES,Seed syllable (Bija Mantra) for Goddess Lakshmi,Sanskrit,,EASY
Shreena,YES,Goddess Lakshmi,Sanskrit,,EASY
Shreenika,YES,Goddess Lakshmi,Sanskrit,,EASY
Shreesha,YES,Lord Ganesh,Sanskrit,,EASY
Shreesmi,YES,,Combination of Shree and a name ending,,EASY
Shreshna,YES,Best,Sanskrit,,EASY
Shreshta,YES,"Best, Foremost",Sanskrit,,EASY
Shrestha,YES,"Best, Foremost",Sanskrit,,EASY
Shreya,YES,"Auspicious, beautiful",Sanskrit,,EASY
Shreyanvi,YES,,Combination of Shreya and a name ending,,EASY
Shreyoshee,YES,,Combination of Shreya and a name ending,,EASY
Shri,YES,"Goddess Lakshmi, Prosperity",Sanskrit,,EASY
Shriddhi,YES,Prosperity,Sanskrit,Aspirated Dh will be pronounced as D,MODERATE
Shrimah,YES,Prosperous,Sanskrit,,EASY
Shrinihira,YES,Goddess Lakshmi,Sanskrit,,EASY
Shrinika,YES,Goddess Lakshmi,Sanskrit,,EASY
Shriti,YES,Memory,Sanskrit,,EASY
Shrivika,YES,Goddess Lakshmi,Sanskrit,,EASY
Shriya,YES,"Prosperity, Goddess Lakshmi",Sanskrit,,EASY
Shriyana,YES,Goddess Lakshmi,Sanskrit,,EASY
Shriyanshi,YES,Part of Shri (Lakshmi),Sanskrit,,EASY
Shriyashi,YES,One who has Shri,Sanskrit,,EASY
Shromi,YES,,Derived from Shree/Shri.,,EASY
Shrutakeerti,YES,"Reputation, Fame",Sanskrit,,EASY
Shruti,YES,"Melody, Musical note",Sanskrit,,EASY
Shubhneet,YES,Good morals,Indian,,EASY
Shukra,YES,"Venus, Bright",Sanskrit,,EASY
Shumi,YES,,Short for names like 'Shumita'.,,EASY
Shuniya,YES,Zero,Sanskrit,,EASY
Shwe,MAYBE,Golden,Burmese,,EASY
Shaanvi,YES,Goddess Parvati,Sanskrit,,EASY
Sia,MAYBE,Goddess Sita,Short for Sita but could be other origins.,,EASY
Siddakpreet,YES,"Combination of Siddak and Preet. Preet means Love, Siddak meaning True / Realized.",Sikh/Punjabi Hindu,,MODERATE
Siddhi,YES,"Accomplishment, Perfection (Sanskrit)",Sanskrit,,EASY
Silpa,YES,Stone (Sanskrit),Sanskrit,,EASY
Sima,MAYBE,"Boundary, limit (Sanskrit)","Sanskrit, also Persian",,EASY
Simi,MAYBE,Limit (Sanskrit),"Diminutive, Sanskrit",,EASY
Simra,MAYBE,Goddess,"Possible variant of Simran, used in some Hindu communities",,EASY
Simran,YES,Meditation (Punjabi),"Punjabi, common among Sikhs and Hindus",,EASY
Sinnika,MAYBE,,"Likely a Scandinavian variant of Annika, which has Sanskrit roots",,EASY
Sinta,MAYBE,,"Similar to Sita, but more commonly found in Indonesian names",,EASY
Sinthu,MAYBE,,"Sounds similar to Sindhu, a river in India, but spelling is unusual",,EASY
Sintu,MAYBE,,"Similar to Sindhu, a river in India, but spelling is unusual",,EASY
Siona,MAYBE,,Could be related to Shiva or be Western,,EASY
Sira,MAYBE,,"Similar to 'Shira', derived from Lakshmi; 'goddess of light'",,EASY
Sirah,MAYBE,,"Similar to 'Shira', derived from Lakshmi; 'goddess of light'",,EASY
Siri,MAYBE,Goddess Lakshmi,Name of Lakshmi,,EASY
Sirí,MAYBE,Goddess Lakshmi,Name of Lakshmi,,EASY
Sirikanya,YES,,Combination of Siri (Lakshmi) and Kanya (Daughter). Kanya is also a name for Durga.,,EASY
Sirina,MAYBE,Goddess Lakshmi,Variant of Siri. ,,EASY
Sita,YES,Furrow (Sanskrit),Sanskrit,,EASY
Sitael,MAYBE,,Combination of Sita (Hindu) and El (Hebrew),,EASY
Sitara,YES,Star (Sanskrit/Hindi),Sanskrit/Hindi,Retroflex R,MODERATE
Sitha,YES,Furrow (Sanskrit),Sanskrit,Aspirated TH,MODERATE
Sithara,YES,Star (Sanskrit/Hindi),Sanskrit/Hindi,"Aspirated TH, Retroflex R",HARD
Sithra,YES,"Bright, colourful",Tamil,"Aspirated TH, Retroflex R",HARD
Sivani,YES,Consort of Shiva (Sanskrit),Sanskrit,,EASY
Sivaniya,YES,Consort of Shiva (Sanskrit),Sanskrit,,EASY
Sivanya,YES,Consort of Shiva (Sanskrit),Sanskrit,,EASY
Sivasankari,YES,Goddess Parvati (Sanskrit),Sanskrit,Retroflex R,MODERATE
Siwa,YES,Another name of Lord Shiva,Sanskrit,,EASY
Siyona,MAYBE,,"Possible related to Zion, but may also have Indian origin.",,EASY
Sleshma,YES,Slimy/Phlegm,Sanskrit,,EASY
Sloka,YES,Verse (Sanskrit),Sanskrit,,EASY
Smera,YES,Smiling (Sanskrit),Sanskrit,Retroflex R,MODERATE
Smira,MAYBE,Remembered (Possible Sanskrit),Could be related to Smriti,,EASY
Smriti,YES,Memory (Sanskrit),Sanskrit,,EASY
Sneh,YES,Love (Hindi),Hindi,,EASY
Sneha,YES,Love (Sanskrit),Sanskrit,,EASY
Snehi,YES,Loving (Hindi),Hindi,,EASY
Snigdha,YES,"Smooth, Tender (Sanskrit)",Sanskrit,The 'dh' will be pronounced as 'd',MODERATE
Sniti,MAYBE,Guidance (Possible Sanskrit derivation from Niti),"Possibly related to 'Niti' meaning guidance, but not a common name",,EASY
Sodarika,YES,Beautiful (Sanskrit),Possible Sanskrit derivation of 'Sundarika',,EASY
Sodashi,YES,Purity (Sanskrit),Sanskrit,,EASY
Somaya,MAYBE,,Similar to names like Soumya,,EASY
Somayya,MAYBE,,Similar to names like Soumya,,EASY
Somya,YES,"Mild, soft natured (Sanskrit)",Sanskrit,,EASY
Sona,MAYBE,Gold (Hindi),Hindi. Also found in other cultures.,,EASY
Soni,YES,Golden (Hindi),Hindi,,EASY
Sonia,MAYBE,Golden (Hindi),"Hindi, but widely used in other cultures",,EASY
Sònia,MAYBE,Golden (Hindi),"Hindi, but widely used in other cultures",,EASY
Sonika,YES,"Golden, beautiful (Sanskrit)",Sanskrit,,EASY
Sonita,MAYBE,Beautiful Gold (Possible Derivative),Could be derived from Sona. Other origins possible.,,EASY
Soniya,YES,Golden (Hindi),Hindi,,EASY
Sonu,YES,Gold (Hindi),Hindi,,EASY
Sonya,MAYBE,Golden (Hindi),"Hindi, but widely used in other cultures",,EASY
Souparnika,YES,Name of a river (derived from Sanskrit),Sanskrit,Retroflex N,MODERATE
Sowmiya,YES,Beautiful moon,Sanskrit,,EASY
Sowmya,YES,Beautiful moon,Sanskrit,,EASY
Sreedha,YES,Goddess Lakshmi,Sanskrit,,EASY
Sreehitha,YES,Beneficial Lakshmi,Sanskrit,,EASY
Sreeja,YES,Goddess Lakshmi,Sanskrit,J will be pronounced as Y,MODERATE
Sreemayi,YES,Lakshmi,Sanskrit,,EASY
Sreenavya,YES,New Lakshmi,Sanskrit,,EASY
Sresha,YES,Best,Sanskrit,,EASY
Srey,MAYBE,Best,Sanskrit,,EASY
Sriharshini,YES,Happy Lakshmi,Sanskrit,,EASY
Srihitha,YES,Beneficial Lakshmi,Sanskrit,,EASY
Srimitha,YES,Lakshmi's friend,Sanskrit,,EASY
Srinika,YES,Lakshmi,Sanskrit,,EASY
Sriniketa,YES,Lakshmi's home,Sanskrit,,EASY
Srinitha,YES,Lakshmi,Sanskrit,,EASY
Sripsaa,YES,Desire,Sanskrit,,EASY
Sririta,YES,Right path,Sanskrit,Retroflex R,MODERATE
Srisha,YES,Lakshmi,Sanskrit,,EASY
Srivalli,YES,Goddess Lakshmi,Sanskrit,,EASY
Srivani,YES,Lakshmi,Sanskrit,,EASY
Sriyanvi,YES,Lakshmi,Sanskrit,,EASY
Sruthy,YES,Melody,Sanskrit,,EASY
Stuti,YES,Praise (Sanskrit),Sanskrit,,EASY
Subha,YES,"Auspicious, fortunate (Sanskrit)",Sanskrit,,EASY
Subhah,YES,"Auspicious, fortunate (Sanskrit)",Sanskrit,,EASY
Subhana,YES,"Auspicious, fortunate (Sanskrit)",Sanskrit,,EASY
Subhashree,YES,Auspicious and radiant (Combination of Subha and Shree),Sanskrit,Sh sound,MODERATE
Subika,MAYBE,Possibly related to auspiciousness or a variation of Subha,Potentially Sanskrit,,EASY
Subiksha,YES,"Good vision, good sight (Sanskrit)",Sanskrit,Sh sound,MODERATE
Subikshasree,YES,Good vision and radiant (Combination of Subiksha and Shree),Sanskrit,Sh sound,MODERATE
Subira,YES,Courageous (Sanskrit),Sanskrit,Retroflex R,MODERATE
Subra,YES,"Shining, white (related to Shubhra) (Sanskrit)",Sanskrit,Retroflex R,MODERATE
Suchin,YES,Beautiful mind (Sanskrit),Sanskrit,,EASY
Suchitra,YES,"Beautiful picture, illustration (Sanskrit)",Sanskrit,Retroflex R,MODERATE
Sudheeksha,YES,Good vision (Sanskrit),Sanskrit,Dh and Sh sounds,HARD
Sudiksha,YES,Good initiation (Sanskrit),Sanskrit,Sh sound,MODERATE
Suditi,YES,"Shining brightly, showing good judgement (Sanskrit)",Sanskrit,,EASY
Suhaani,YES,Pleasant,Hindi,None,EASY
Sujata,YES,Of good caste; well-born,Sanskrit,None,EASY
Sujatha,YES,Of good caste; well-born,Sanskrit,None,EASY
Sujeeva,YES,Long-lived,Sanskrit,V softened to W,MODERATE
Sujha,YES,"Understanding, insight",Hindi,None,EASY
Sujin,YES,Well-born,Sanskrit,None,EASY
Sukanya,YES,Beautiful girl,Sanskrit,None,EASY
Sukhnaaz,MAYBE,Pride of happiness,Combination of Sanskrit/Persian elements.,None,MODERATE
Suki,MAYBE,Beloved,"Could be Japanese (Suki = liked), or Sanskrit origin",None,EASY
Sukrita,YES,Virtuous,Sanskrit,Retroflex T is difficult,MODERATE
Sukriti,YES,Good deed,Sanskrit,Retroflex T is difficult,MODERATE
Sulav,YES,Peaceful,Sanskrit,V softened to W,MODERATE
Sulaxya,YES,Having good signs,Sanskrit,None,EASY
Sulekha,YES,Beautiful handwriting,Sanskrit,Retroflex KH is difficult,HARD
Suma,YES,Good mother,Sanskrit,None,EASY
Sumi,YES,Beautiful,Sanskrit,None,EASY
Sumira,YES,Goddess Lakshmi,Sanskrit,Retroflex R will be difficult,MODERATE
Sumitra,YES,A good friend,Sanskrit,Retroflex T and R will be difficult,HARD
Sunaina,YES,Beautiful eyes,Sanskrit/Hindi,None,EASY
Sunanda,YES,Very pleasing,Sanskrit,None,EASY
Sunehra,YES,Golden,Hindi,Retroflex R difficult,MODERATE
Sunethra,YES,Having good eyes,Sanskrit,Retroflex T,MODERATE
Sunita,YES,"Well-behaved, polite",Sanskrit,Retroflex T,MODERATE
Supalak,MAYBE,Beautiful Mark,Thai,,EASY
Suphannika,MAYBE,Golden,Thai (related to Sanskrit 'Suvarna'),,EASY
Suphatcha,MAYBE,Good Knowledge,Thai (related to Sanskrit),,EASY
Suphawadee,MAYBE,Good Woman,Thai (related to Sanskrit),,EASY
Supitsara,MAYBE,Supreme Lady,Thai (related to Sanskrit),,EASY
Supriti,YES,Love,Sanskrit,,EASY
Sura,YES,"Goddess, brave",Sanskrit,,EASY
Suri,MAYBE,Sun (one interpretation),"Can be a short form of Surya, but also exists in other cultures",,EASY
Surina,MAYBE,Goddess,Sanskrit,,EASY
Suriyothai,MAYBE,Radiant Sun,Thai (from Surya/Sun),,EASY
Suruthy,YES,Shruti (Vedic verses),Tamil variation of Sanskrit Shruti,Retroflex T,MODERATE
Suryani,YES,Wife of Surya/Sun,Sanskrit,,EASY
Susara,MAYBE,Essence,Sanskrit,,EASY
Susila,YES,Good character,Sanskrit,,EASY
Suthan,MAYBE,Son,Tamil,Retroflex T,MODERATE
Suthasinee,MAYBE,Good Woman,Thai/Sanskrit,,EASY
Suthida,MAYBE,Pure Heart,Thai,,EASY
Suveetha,YES,Well-being,Sanskrit,Retroflex T,MODERATE
Suvignya,YES,Good knowledge,Sanskrit,J will be pronounced as Y,HARD
Suwan,MAYBE,Gold,Thai (Suvarna),,EASY
Svara,YES,"Sound, note (Sanskrit)",Sanskrit,,EASY
Sveta,MAYBE,"White, pure (Sanskrit)","Sanskrit, also Slavic",,EASY
Swara,YES,"Sound, note (Sanskrit)",Sanskrit,,EASY
Swarnalatha,YES,Golden creeper (Sanskrit),Sanskrit,,EASY
Swasthan,YES,"Healthy, situated in one's own place (Sanskrit)",Sanskrit,,EASY
Swasti,YES,"Auspicious, well-being (Sanskrit)",Sanskrit,,EASY
Swathi,YES,"Name of a star, Nakshatra (Sanskrit)",Sanskrit,,EASY
Swati,YES,"Name of a star, Nakshatra (Sanskrit)",Sanskrit,,EASY
Swetha,YES,"White, pure (Sanskrit)",Sanskrit,,EASY
Swikriti,YES,Acceptance (Sanskrit),Sanskrit,,EASY
Saachi,YES,"Grace, Truth",Sanskrit/Hindi,,EASY
Saadhana,YES,"Realization, accomplishment",Sanskrit,dh will be pronounced as d,MODERATE
Saadhvi,YES,Pious woman,Sanskrit,"dh will be pronounced as d, v might soften to w",MODERATE
Saaiha,MAYBE,Flower,Sanskrit origin is possible but more common in Arabic/Middle Eastern cultures,,EASY
Saambavi,YES,Another name for Goddess Durga,Sanskrit,v might soften to w,MODERATE
Saamiya,MAYBE,Listening,Possible Sanskrit origin but also found in other cultures,,EASY
Saanvi,YES,Goddess Lakshmi,Sanskrit,v might soften to w,EASY
Saanvie,YES,Goddess Lakshmi,Sanskrit,v might soften to w,EASY
Saanvika,YES,Goddess Lakshmi,Sanskrit,,EASY
Saanvitha,YES,Goddess Lakshmi,Sanskrit,th will be pronounced as t,MODERATE
Saara,MAYBE,Princess,Can have Indian origin or Arabic/Hebrew,,EASY
Saathvika,YES,"Calm, peaceful",Sanskrit,th will be pronounced as t,MODERATE
Saavya,YES,Lord Vishnu,Sanskrit,v might soften to w,EASY
Taila,MAYBE,,Similar to 'Tailam' in Ayurveda,,EASY
Taja,MAYBE,Crown (Persian) but sometimes used in India,Persian/Indian,,EASY
Tala,MAYBE,Rhythm/beat (Sanskrit),Sanskrit,,EASY
Tama,MAYBE,Dark (Sanskrit),Sanskrit,,EASY
Tamana,YES,"Desire, wish (Hindi)",Hindi,,EASY
Tamanna,YES,"Desire, wish (Hindi)",Hindi,,EASY
Tamila,MAYBE,Sun (Tamil),Tamil,,EASY
Tamilarasi,YES,Queen of Tamil (Tamil),Tamil,zh/l sounds unpronounceable,HARD
Tamilini,YES,Sweetness of Tamil (Tamil),Tamil,zh/l sounds unpronounceable,HARD
Tamina,MAYBE,,Multiple origins; could be related to Tamil or a variant of Thomasina.,,EASY
Taminah,MAYBE,,Multiple origins; could be related to Tamil or a variant of Thomasina.,,EASY
Tamira,MAYBE,,May be related to 'Tamra' meaning copper.,,EASY
Tamiraa,MAYBE,,May be related to 'Tamra' meaning copper.,,EASY
Tamizh,YES,Tamil language,Tamil,zh sound (unpronounceable),HARD
Tamra,YES,Copper,Sanskrit,,EASY
Tana,MAYBE,,Could be related to Sanskrit names containing 'Tan'.,,EASY
Tania,MAYBE,,Could be related to Sanskrit names containing 'Tan'.,,EASY
Tanía,MAYBE,,Could be related to Sanskrit names containing 'Tan'.,,EASY
Taniah,MAYBE,,Could be related to Sanskrit names containing 'Tan'.,,EASY
Taniia,MAYBE,,Could be related to Sanskrit names containing 'Tan'.,,EASY
Tanisha,YES,Ambition,Sanskrit,,EASY
Tanishi,YES,,Related to Tanisha.,,EASY
Tanishka,YES,Goddess Durga,Sanskrit,,EASY
Taniya,MAYBE,,Could be related to Sanskrit names containing 'Tan'.,,EASY
Tanmaya,YES,"Absorbed, engrossed",Sanskrit,,EASY
Tanna,MAYBE,,Could be related to Sanskrit names containing 'Tan'.,,EASY
Tanni,MAYBE,,Could be related to Sanskrit names containing 'Tan'.,,EASY
Tannia,MAYBE,,Could be related to Sanskrit names containing 'Tan'.,,EASY
Tannya,MAYBE,,Could be related to Sanskrit names containing 'Tan'.,,EASY
Tanvi,YES,"Slender, beautiful",Sanskrit,V often softens to W,EASY
Tanvika,YES,,Related to Tanvi.,V often softens to W,EASY
Tara,YES,Star,Sanskrit,,EASY
Taram,MAYBE,,Could be related to Tara.,,EASY
Taramanya,YES,,Related to Tara. ,,EASY
Tasya,MAYBE,"His, Hers",Possible Sanskrit origin,,EASY
Teghsahai,YES,Helper of strength,Sikh/Punjabi name,"gh will be pronounced as g, hard to pronounce as a whole",HARD
Teja,YES,"Radiance, Brightness",Sanskrit,,EASY
Tejasvi,YES,"Radiant, energetic",Sanskrit,V often becomes W,MODERATE
Tejomaya,YES,Full of splendor,Sanskrit,,MODERATE
Tendzin,MAYBE,,"Tibetan origin, Buddhism",,EASY
Thalir,MAYBE,Young plant or leaf,Tamil origin,Retroflex R,MODERATE
Thambura,YES,A stringed instrument (tanpura),Sanskrit/Hindi,Aspirated Th,MODERATE
Thamilchelvan,YES,Beloved Tamil (person),Tamil,Retroflex L and R,HARD
Thamini,MAYBE,Night,Swahili and possible Sanskrit connection,Aspirated Th,MODERATE
Thanam,YES,Wealth,Tamil,Aspirated Th,MODERATE
Thaniksha,YES,Ambition,Sanskrit,Aspirated Th and retroflex Ksha,HARD
Thanisha,YES,Ambition,Sanskrit,Aspirated Th,MODERATE
Thaniska,YES,Goddess of gold,Sanskrit,Aspirated Th,MODERATE
Thanvi,YES,Radiant,Sanskrit,Aspirated Th,MODERATE
Thanya,YES,Family,Sanskrit,Aspirated Th,MODERATE
Thara,YES,Star,Sanskrit,Aspirated Th and Retroflex R,MODERATE
Tharani,YES,Earth,Sanskrit,Aspirated Th and Retroflex R,MODERATE
Thariga,MAYBE,River,Tamil - variant of Tarika,Aspirated Th and Retroflex R,MODERATE
Tharika,YES,Small star,Sanskrit,Aspirated Th and Retroflex R,MODERATE
Thavam,MAYBE,"Penance, meditation (Tamil)",Tamil,Th sound,MODERATE
Theja,MAYBE,"Radiance, light (Sanskrit)",Sanskrit,Th sound,MODERATE
Theni,YES,Honey bee (Tamil),Tamil,None,EASY
Thenmozhi,YES,Sweet as honey (Tamil),Tamil,zh is difficult,HARD
Thevi,YES,Goddess (Tamil),Tamil,"Th sound, V softens to W",MODERATE
Thilini,YES,Spark,Sinhala origin,None,EASY
Thiri,MAYBE,A form of Goddess Lakshmi; prosperity,Kannada origin,Th sound,MODERATE
Thiva,MAYBE,Lord Shiva (related),"Related to Shiva, may have other origins",,EASY
Thiviya,MAYBE,"Divine, beautiful","Possible Sanskrit origin, related to divine.",,MODERATE
Thivya,MAYBE,"Divine, beautiful","Possible Sanskrit origin, related to divine.",,MODERATE
Thiya,MAYBE,God's gift,Short form of names ending in -thiya; possible Sanskrit origin. Also found in other cultures,,EASY
Thuja,MAYBE,"A type of tree, possible connection to nature deities.","Sanskrit origin, tree name, may have Hindu symbolism.",,EASY
Thurka,YES,Durga,Variant of Durga,,EASY
Thushala,YES,Happiness,Derived from Sanskrit,,MODERATE
Thvishi,YES,Ray of light,Sanskrit,,MODERATE
Thaanyaa,YES,"Of merit, worthy of praise, gracious, thankful",Sanskrit,,MODERATE
Tia,MAYBE,"A variant of Teja, meaning light; also has Greek origins",Could be a short form of Teja; also has other origins,,EASY
Tika,YES,Forehead mark (Hindi),Hindi,,EASY
Tikka,YES,Forehead mark (Hindi),Hindi,,EASY
Tila,YES,Sesame seed (Sanskrit),Sanskrit,,EASY
Tilottama,YES,The finest of Apsaras (Sanskrit),Sanskrit,,MODERATE
Tini,MAYBE,Fragment,Could be a shortened form of a Hindu name or a name in another culture,,EASY
Tishya,YES,Auspicious,Sanskrit,sh sound,MODERATE
Titika,YES,A Flower,Bengali/Indian,,EASY
Tochi,YES,Water,Hindi,,EASY
Toyodhi,MAYBE,,Potentially derived from Indian names beginning with 'Toyo-' which may be connected to certain regions or deities but further verification needed.,The 'dhi' sound could be challenging.,MODERATE
Tridha,YES,Having faith or belief,Sanskrit,The 'dh' sound can be hard.,MODERATE
Trina,MAYBE,Pure (Sanskrit origin),"Related to Sanskrit, often a diminutive of Katrina/Katherine",,EASY
Trisha,YES,Noble,Sanskrit,,EASY
Trishika,YES,Trishul,"Sanskrit, another name for Goddess Lakshmi.",,EASY
Trupti,YES,Satisfaction,Sanskrit,,EASY
Trusha,YES,Thirst,Sanskrit,,EASY
Tsambika,YES,Another name for goddess Durga,Sanskrit,,EASY
Tula,YES,Balance,Sanskrit (zodiac sign),,EASY
Tulja,YES,Goddess Parvati (a form of Durga),Indian (Marathi),,EASY
Tulsi,YES,Holy Basil,Sanskrit,,EASY
Turiya,YES,Transcendental state,Sanskrit,,EASY
Tvisa,YES,Brightness,Indian,,EASY
Tviva,MAYBE,Variant of Twisha,Indian,,EASY
Twisha,YES,"Bright, radiant",Indian,,EASY
Uma,YES,Laxmi/Parvati (Sanskrit),Sanskrit,,EASY
Una,MAYBE,Lamb (Sanskrit),"Possible Sanskrit origin, also Irish and Latin",,EASY
Úna,MAYBE,Lamb (Sanskrit),"Possible Sanskrit origin, also Irish and Latin",,EASY
Unisha,MAYBE,Night (related to Sanskrit Nisha),Possibly related to Sanskrit 'Nisha' meaning night,,EASY
Upasana,YES,Worship (Sanskrit),Sanskrit,,EASY
Ura,MAYBE,,"Short form of names like Aurora, could be confused with Hindu names",,EASY
Usha,YES,Dawn (Sanskrit),Sanskrit,,EASY
Ushna,YES,Warm (Sanskrit),Sanskrit,,EASY
Uthara,YES,Northern (Sanskrit),Sanskrit,Th as in 'thin',MODERATE
Uthaya,YES,Rising (Tamil),Tamil,"Th as in 'thin', J sounds like Y",MODERATE
Uthira,YES,A star (Sanskrit),Sanskrit,"Th as in 'thin', retroflex R",HARD
Utsa,YES,Source (Sanskrit),Sanskrit,,EASY
Utsahi,YES,Enthusiastic (Sanskrit),Sanskrit,,EASY
Utsavi,YES,Festive (Sanskrit),Sanskrit,,EASY
Uvika,YES,,Modern Indian name,,EASY
Vada,MAYBE,Famous (Slavic),"Slavic, but sounds similar to Sanskrit words",,EASY
Vadha,YES,Killing/Slaying (Sanskrit),Sanskrit,Dh sounds like D,MODERATE
Vaibhavi,YES,"Wealthy, prosperous (Sanskrit)",Sanskrit,,EASY
Vaidehi,YES,Another name for Sita (Sanskrit),Sanskrit,,EASY
Vaisavi,YES,,Modern Indian name,,EASY
Vaishali,YES,Ancient city in India (Sanskrit),Sanskrit,,EASY
Vaishna,YES,,Related to Vishnu,,EASY
Vaishnave,YES,Devotee of Vishnu (Sanskrit),Sanskrit,,EASY
Vaishnavi,YES,Devotee of Vishnu (Sanskrit),Sanskrit,,EASY
Vamika,YES,Goddess Durga,Sanskrit,,EASY
Vana,YES,Forest,Sanskrit,,EASY
Vanaja,YES,Lotus; born of the forest,Sanskrit,None,EASY
Vanaya,YES,Forest goddess,Sanskrit,,EASY
Vani,YES,Speech,Sanskrit,,EASY
Vania,MAYBE,Gift from God (but more commonly Russian),"Could potentially be a variant of Vani, but more often Russian",,EASY
Vanika,YES,Eloquent in words,Sanskrit,,EASY
Vanitha,YES,Woman,Tamil/Sanskrit,,EASY
Vanya,MAYBE,Graceful (but more commonly Russian/Slavic),"Could be related to Vani, but predominantly Russian/Slavic",,EASY
Vara,YES,Gift; blessing,Sanskrit,,EASY
Varada,YES,One who grants boons,Sanskrit,,EASY
Vari,YES,Water,Sanskrit,,EASY
Varna,YES,"Color, caste (Sanskrit)",Sanskrit,,EASY
Varnidar,MAYBE,Could be a name derived from Varna,Potentially Sanskrit-derived,Retroflex R,MODERATE
Varniha,MAYBE,"Possibly derived from Varna, or a regional variation",Potentially Sanskrit-derived,,EASY
Varnika,YES,"Purity of gold, adorned",Sanskrit,,EASY
Varsha,YES,Rain (Sanskrit),Sanskrit,,EASY
Varshini,YES,Goddess of rain,Sanskrit,,EASY
Varshitha,YES,Rainfall,Sanskrit,Retroflex 'th',MODERATE
Varshaa,YES,Rain (Sanskrit),Sanskrit,,EASY
Varuna,YES,God of water (Sanskrit),Sanskrit,,EASY
Vasanthi,YES,Spring (Sanskrit),Sanskrit,,EASY
Vasanthy,YES,Spring (Sanskrit),Sanskrit,,EASY
Vasanti,YES,Spring (Sanskrit),Sanskrit,,EASY
Vasna,YES,"Desire, wish",Sanskrit,,EASY
Vathsala,YES,Affectionate,Sanskrit,Retroflex 'th',MODERATE
Vatsi,MAYBE,Possibly derived from a gotra or family name,Potentially Indian,,EASY
Veda,YES,Knowledge (Sanskrit),Sanskrit,,EASY
Vedakshi,YES,Eye of the Vedas,Sanskrit,,EASY
Vedanshivarma,YES,Combination of Vedansh and Varma,Sanskrit,,EASY
Vedasri,YES,Radiance of Vedas,Sanskrit,,EASY
Vedha,YES,Sacrifice,Sanskrit,,EASY
Vedhika,YES,Altar,Sanskrit,,EASY
Vedika,YES,Altar,Sanskrit,,EASY
Veeksha,YES,Vision,Sanskrit,,EASY
Veena,YES,A musical instrument (Sanskrit),Sanskrit,,EASY
Veeni,MAYBE,"Braids, rivers (Sanskrit). Uncommon as a name.",Sanskrit,,EASY
Vela,YES,Time,Tamil/Telugu,,EASY
Vellayar,MAYBE,Potentially a place or community name,Potentially Indian,Retroflex R,MODERATE
Vena,YES,Desire,Sanskrit,,EASY
Venba,YES,Tamil poetic meter,Tamil,,EASY
Veni,YES,"A braid, an offering",Sanskrit/Tamil,,EASY
Venika,YES,Sacred River,Indian,,EASY
Vennila,YES,Moonlight (Tamil),Tamil,,EASY
Venuka,YES,Desire (Sanskrit),Sanskrit,,EASY
Vibha,YES,"Light, Ray of light (Sanskrit)",Sanskrit,,EASY
Vibika,YES,Fearless (Sanskrit),Sanskrit,,EASY
Vida,MAYBE,Possibly related to Vidya,"Appears in multiple cultures, potentially related to Sanskrit",,EASY
Vidhathri,YES,Creator (another name of Godess Durga or Lakshmi),Sanskrit,Th is aspirated and difficult to pronounce.,HARD
Vidhi,YES,Destiny; Method,Sanskrit,,EASY
Vidia,MAYBE,"Related to Vidya, knowledge",Potentially related to Sanskrit,,EASY
Vidisha,YES,A river name,Sanskrit,sh sound,MODERATE
Vidja,MAYBE,"Related to Vidya, knowledge",Alternative spelling of Vidya,"J will be pronounced as Y, making it Vidya",MODERATE
Vidya,YES,"Knowledge, learning",Sanskrit,,EASY
Viha,MAYBE,Dawn,Potentially Indian origin but unclear. could be connected to Sanskrit vi- (bird),,EASY
Vihika,MAYBE,"Unknown, possibly related to bird","Likely Sanskrit, possibly connected to vi- (bird)",,EASY
Vihaa,MAYBE,Dawn,Potentially Indian origin but unclear. could be connected to Sanskrit vi- (bird),,EASY
Vija,MAYBE,Victory,Possibly a Latvian variant of 'Victory'. Related to Vijaya in Sanskrit,,EASY
Vijaya,YES,Victory,Sanskrit,,EASY
Viji,YES,A short form of Vijaya,Sanskrit origin,,EASY
Vijitha,YES,Victorious,Sanskrit,Th is aspirated and difficult to pronounce,HARD
Vima,YES,An ancient Indo-Scythian ruler,Sanskrit,,EASY
Vina,MAYBE,A stringed instrument,Sanskrit,,EASY
Vinas,MAYBE,Lord Vishnu,Sanskrit,,EASY
Vinaya,YES,"Modesty, good behaviour, humility",Sanskrit,,EASY
Vinda,YES,"To find, to obtain",Sanskrit,,EASY
Vini,MAYBE,"Conqueror, victory",Sanskrit,,EASY
Vinika,MAYBE,"To lead, to carry",Sanskrit,,EASY
Vinodini,YES,"Joyful, Pleasing",Sanskrit,,EASY
Virah,YES,"Separation, absence, lack",Sanskrit,,EASY
Viri,MAYBE,"Bravery, strength",Sanskrit,,EASY
Vishaka,YES,"Star, constellation",Sanskrit,,EASY
Vishakha,YES,"Star, constellation",Sanskrit,,EASY
Vishalini,YES,Virtuous,Sanskrit,,EASY
Vishni,YES,Goddess Lakshmi,Sanskrit,,EASY
Vismaya,YES,"Wonder, surprise",Sanskrit,,EASY
Vita,MAYBE,Life (Latin),"Latin origin, sometimes used in India",,EASY
Vithura,YES,Name of a wise counselor in the Mahabharata,Hindu Mythology,,EASY
Viva,MAYBE,Lively (Latin),"Latin origin, rarely used but may sound similar to Indian names",,EASY
Viveca,MAYBE,War Fortress (Germanic),"Germanic, but similar to Viveka",,EASY
Vivedha,YES,Different; Various,Sanskrit,Dh will be pronounced as D,MODERATE
Viveka,YES,Discernment; Wisdom,Sanskrit,,EASY
Vivika,MAYBE,Similar to Viveka (wisdom),Sounding like Viveka,,EASY
Vrinda,YES,Basil; Holy Basil (Tulsi),Sanskrit,,EASY
Vrutti,YES,"Conduct, behaviour",Sanskrit,tt can be hard,MODERATE
Vyaahruthi,YES,Utterance of sacred Vedic mantras,Sanskrit,"Aspirated consonants, retroflex consonants, retroflex R",HARD
Vaani,YES,Speech,Sanskrit,,EASY
Weena,MAYBE,Flute (Hindi),Hindi,,EASY
Wesakha,MAYBE,Another form of Vaishakha (Hindu month),"Related to Vaishakha, a Hindu month",Pronouncing 'sh' might be difficult,MODERATE
Wina,MAYBE,"Desire, longing","Short form of names ending in -wina, but has possible Sanskrit roots.",,EASY
Ya,MAYBE,Often a part of names,Generic Indian prefix,,EASY
Yadi,MAYBE,Rememberer,A variant of Yadunandan,,EASY
Yadvi,YES,Goddess Durga,Sanskrit,,EASY
Yagnika,YES,One who is devoted to performing Yagya (fire sacrifice),Sanskrit,,EASY
Yahvi,YES,"Heaven, Earth, The confluence of heaven and earth",Sanskrit,,EASY
Yalini,YES,Melodious,Tamil,,EASY
Yamuna,YES,A sacred river in Hinduism,Sanskrit,,EASY
Yana,MAYBE,God is gracious (Slavic origin),Can be found in India but Slavic origin.,,EASY
Yara,MAYBE,Small butterfly,"Indian Mythology, but also Arabic",,EASY
Yarah,MAYBE,Small butterfly,"Indian Mythology, but also Arabic",,EASY
Yasha,MAYBE,Man (Hebrew),Sometimes used as a short form of Yashoda,,EASY
Yashaswi,YES,"Famous, Glorious (Sanskrit)",Sanskrit,,EASY
Yashawini,YES,Successful lady (Sanskrit),Sanskrit,,EASY
Yashika,YES,"Success, fame (Sanskrit)",Sanskrit,,EASY
Yashvi,YES,Fame (Sanskrit),Sanskrit,,EASY
Yasmitha,YES,Famous or golden,Combination of Yashas and Smitha,,EASY
Yati,YES,"Ascetic, Devotee (Sanskrit)",Sanskrit,,EASY
Yazvika,YES,Lakshmi,Variation of Yashvika. Lakshmi is Hindu God of Wealth,,EASY
Yeshika,YES,"Success, fame (Sanskrit)",Variant of Yashika (Sanskrit),,EASY
Yeshitha,YES,One who is famous,Similar to Yashaswi,,EASY
Yogini,YES,A female practitioner of Yoga (Sanskrit),Sanskrit,,EASY
Yoginia,MAYBE,Feminine form of Yogin (Sanskrit),Sanskrit,,EASY
Yogita,YES,Enchanted (Sanskrit),Sanskrit,,EASY
Yuga,YES,Age/era (Sanskrit),Sanskrit,,EASY
Yutika,YES,A bird (Sanskrit),Sanskrit,,EASY
Yuvisha,YES,Young; new (Sanskrit),Sanskrit,,EASY
Yaadavi,YES,Descendant of Yadu,Sanskrit,,MODERATE
Yaalisai,YES,Musical (Tamil),Tamil,,EASY
Yaanaki,YES,Another name for Goddess Lakshmi,Sanskrit,J will be pronounced as Y,MODERATE
Yaarlini,YES,Melody; Sweet Music,Tamil,,EASY
Yaasha,YES,"Fame, Success (related to Yash)",Sanskrit,,EASY
Yaashwini,YES,Successful,Sanskrit,,MODERATE
Zaisha,YES,"Uncommon, but could be a modern invented name. 'Zai' could be taken from 'Jai' meaning victory.",Possible Sanskrit hybrid,,EASY
Zara,MAYBE,,"Appears in Hindu influenced regions, but more common as Western name.",,EASY
Zarah,MAYBE,,"Appears in Hindu influenced regions, but more common as Western name.",,EASY
Zareen,MAYBE,Golden,"Of Persian origin, used in India.",,EASY
Zari,MAYBE,Gold,"Persian origin, used in India.",,EASY
Zarin,MAYBE,Golden,"Persian origin, used in India.",,EASY
Zarina,MAYBE,Golden,"Persian origin, used in India.",,EASY
Zaraa,MAYBE,,"Appears in Hindu influenced regions, but more common as Western name.",,EASY
Zeba,MAYBE,Beautiful; Ornament (Persian/Urdu origin but sometimes used in India),"Persian/Urdu origin, used in India",,EASY
Zeel,MAYBE,Enthusiastic,"Sounds like a possible short form of a Sanskrit name, may be modern invention",,EASY
Zeenat,MAYBE,"Beauty, splendour, elegance (Arabic/Persian origin, sometimes used in India)","Arabic/Persian origin, used in India",,EASY
Zera,MAYBE,Seed (Hebrew),Could be confused with Hindu names,,EASY
Zhiva,YES,"Lively, alive",Slavic (and potentially with roots relating to Sanskrit Jiva meaning living being),,EASY
Aadhini,YES,To be obeyed,Indian,Retroflex D,MODERATE
Aadhira,YES,"Strong, quick, moon",Sanskrit,Retroflex D,MODERATE
Aadhya,YES,"First power, Goddess Durga",Sanskrit,Retroflex D,MODERATE
Aadira,MAYBE,"Strong, quick, moon",Sanskrit,Retroflex D,MODERATE
Aaditri,YES,"Supreme, Goddess Lakshmi",Indian,Retroflex D,MODERATE
Aadnya,YES,Command,Sanskrit,"Retroflex D, J will be pronounced as Y",HARD
Aadrita,YES,One who is much respected,Indian,Retroflex D,MODERATE
Aadvika,YES,"World, universe",Sanskrit,V softens to W,MODERATE
Aadya,YES,"First power, Goddess Durga",Sanskrit,Retroflex D,MODERATE
Aagya,YES,"Permission, approval",Sanskrit,J will be pronounced as Y,MODERATE
Aahana,YES,"Inner light, immortal",Sanskrit,,EASY
Aaheli,YES,Pure,Indian,,EASY
Aahini,YES,Goddess Parvati,Indian,,EASY
Aaira,MAYBE,"Noble, respected","Uncertain, but sounds Hindu",,EASY
Aaishvyi,YES,Combination of Goddess Lakshmi and Goddess Saraswati,Indian,V softens to W,MODERATE
Aaja,MAYBE,,Could be related to Aja (unborn),,EASY
Aakriti,YES,"Shape, form (Sanskrit)",Sanskrit,,EASY
Aananya,YES,"Unique, matchless (Sanskrit)",Sanskrit,,EASY
Aanavi,YES,"Kind to people, generous (Sanskrit)",Sanskrit,,EASY
Aanaya,YES,One who has no superior (Sanskrit),Sanskrit,,EASY
Aanshi,YES,Part of God (Hindi),Hindi,,EASY
Aanya,YES,"Inexhaustible, without limits, different (Sanskrit)",Sanskrit,,EASY
Aaradhana,YES,Worship (Sanskrit),Sanskrit,,EASY
Aaradhya,YES,Worshipped (Sanskrit),Sanskrit,"J is pronounced as Y, making it Aaradya",MODERATE
Aarani,YES,"Start, A place of Pilgrimage",Hindu,,EASY
Aarati,YES,"Worship, a ritual of worship (Sanskrit)",Sanskrit,,EASY
Aaravi,YES,Peace (Sanskrit),Sanskrit,,EASY
Aarha,YES,First rain or thunder,Hindu,,EASY
Aarika,YES,"Praise, Beautiful (Sanskrit)",Sanskrit,,EASY
Aarisha,MAYBE,,"Uncertain, could be a modern invented name",,EASY
Aarna,YES,Lakshmi; Water; Wave; River (Sanskrit),Sanskrit,,EASY
Aarohi,YES,"A musical tune, a progressive rise (Sanskrit)",Sanskrit,,EASY
Aaruhi,YES,"Dawn, Sunlight (Sanskrit)",Sanskrit,,EASY
Aarushi,YES,First ray of sun (Sanskrit),Sanskrit,,EASY
Aarvi,YES,Peace (Sanskrit),Sanskrit,,EASY
Aarvika,YES,Universal,Hindu,,EASY
Aarvisha,MAYBE,,"Modern name, meaning unclear",,EASY
Aaryahi,YES,Goddess Durga,Hindu,,EASY
Aaryaa,YES,"Goddess Parvati, Goddess Durga, a noble woman, honorable, noble",Hindu,,EASY
Aashana,YES,"Desire, wish (Sanskrit)",Sanskrit,,EASY
Aashika,YES,"Lovable, loving, cute (Sanskrit)",Sanskrit,,EASY
Aashirya,YES,From the land of Gods (Hindu),Hindu,"J is pronounced as Y, making it Aashirya",MODERATE
Aashna,YES,"Beloved, devoted to love (Sanskrit)",Sanskrit,,EASY
Aashritha,YES,Somebody who gives shelter (Sanskrit),Sanskrit,,EASY
Aashvi,YES,Blessed and victorious (Hindu),Hindu,,EASY
Aastha,YES,"Faith, hope (Sanskrit)",Sanskrit,,EASY
Aathira,YES,"A star, prayer (Malayalam/Tamil)",Malayalam/Tamil,,EASY
Aathirai,YES,Name of a star (Tamil),Tamil,,EASY
Aavanshi,MAYBE,,Modern invented name,,EASY
Aavya,YES,"First rays of The Sun, Power of water",Hindu,V often softens to W,EASY
Aayansi,YES,Goddess Laxmi,Hindu,,EASY
Aayra,YES,Respectable,Hindu,,EASY
Aayusha,YES,Long lived (Sanskrit),Sanskrit,,EASY
Aayushma,YES,One with long life (Sanskrit),Sanskrit,,EASY
Aayusma,YES,One with long life (Sanskrit),Sanskrit,,EASY
Aayuti,YES,Long Life,Hindu,,EASY
Adhvik,YES,Unique (Sanskrit),Sanskrit,Dh will be pronounced as D,MODERATE
Adi,YES,First; Origin (Sanskrit),Sanskrit,,EASY
Adita,YES,First (Sanskrit),Sanskrit,,EASY
Adri,MAYBE,,"Could be a short form of Indian names like 'Adrika', but also common elsewhere",,EASY
Agam,YES,"Coming, arrival; scripture (Sanskrit)",Sanskrit,,EASY
Agni,YES,Fire (Sanskrit),Sanskrit,,EASY
Akila,YES,Intelligent (Sanskrit),Sanskrit,,EASY
Akshini,MAYBE,,Sounds like a variation of Akshina or related to Akshat. Not very common but plausible.,,EASY
Aman,YES,Peace (Sanskrit),Sanskrit,,EASY
Amana,MAYBE,,Sounds vaguely Indian but has other origins,,EASY
Amar,YES,Immortal (Sanskrit),Sanskrit,,EASY
Amaru,YES,Name of Shiva (Sanskrit),Sanskrit,,EASY
Ameya,YES,Boundless (Sanskrit),Sanskrit,,EASY
Ami,MAYBE,Nectar (Sanskrit). Also a short form of Amita/Amisha,Sanskrit,,EASY
An,YES,"Prefix meaning 'without', 'not' (Sanskrit)",Sanskrit,,EASY
Anan,MAYBE,,"Could be related to Ananda, but less common",,EASY
Ananda,YES,Bliss (Sanskrit),Sanskrit,,EASY
Anava,MAYBE,,"Could be a variation of Anavi, which is a name of Lakshmi. Not a common name",,EASY
Ani,YES,Small (Sanskrit),Sanskrit,,EASY
Anmol,YES,Priceless (Hindi),Hindi,,EASY
Anu,YES,Atom (Sanskrit),Sanskrit,,EASY
Anuk,MAYBE,,Diminutive of Anup or related names,,EASY
Ara,MAYBE,"Bringer of Rain, messenger","Armenian, Sanskrit",,EASY
Ari,MAYBE,Lion,"Sanskrit, Hebrew",,EASY
Aria,MAYBE,"Noble, melody","Persian, Italian, Sanskrit",,EASY
Arian,MAYBE,Of noble birth,"Persian, Welsh, Sanskrit",,EASY
Arin,MAYBE,Mountain strength,"Hebrew, Sanskrit",,EASY
Ariya,YES,"Noble, truthful",Sanskrit,,EASY
Arshia,YES,"Of divine origin, heavenly",Sanskrit,,EASY
Arta,YES,"Ritual, rule, order",Sanskrit,,EASY
Arveen,YES,Victorious Friend,Sanskrit,,EASY
Arya,YES,Noble,Sanskrit,,EASY
Asa,MAYBE,"Hope, morning","Hebrew, Scandinavian, Sanskrit",,EASY
Avan,MAYBE,One who owns,Sanskrit,,EASY
Avi,MAYBE,Sun,"Sanskrit, Hebrew",,EASY
Avneet,YES,Morality,Sanskrit,,EASY
Avyan,YES,Eloquent,Sanskrit,,EASY
Ayan,MAYBE,"Path, way","Sanskrit, Arabic",,EASY
Ayaan,MAYBE,Gift of God,"Sanskrit, Arabic",,EASY
Binish,MAYBE,,"Similar to Hindu names, can be found in India.",,EASY
Bodhi,YES,Awakening/Enlightenment,Sanskrit,,EASY
Chandra,YES,Moon (Sanskrit),Sanskrit,,EASY
Chani,YES,Brilliant (Hindi),Hindi,,EASY
Chowdary,YES,Landlord,Indian,,MODERATE
Dali,MAYBE,,Resembles Kali (Hindu goddess),,EASY
Dana,MAYBE,Wise,"Sanskrit origin, meaning wisdom.",,EASY
Dara,MAYBE,"Wealth, stars (Sanskrit)","Sanskrit origin. Also found in Persian, Hebrew cultures.",,EASY
Darma,YES,"Duty, righteousness, religion (Sanskrit)",Sanskrit,Retroflex R,MODERATE
Daya,YES,"Compassion, kindness (Sanskrit)",Sanskrit,,EASY
Dayan,MAYBE,"Judge (Hebrew), also resembles 'Dhyan' meaning meditation (Sanskrit)",Hebrew/Sanskrit,,EASY
Deep,YES,"Lamp, light (Hindi)",Hindi,,EASY
Deva,YES,"God, deity (Sanskrit)",Sanskrit,,EASY
Dhiya,YES,"Lamp, light (Sanskrit)",Sanskrit,,EASY
Dhwani,YES,"Sound, melody (Sanskrit)",Sanskrit,Aspirated Dh will be pronounced as D,MODERATE
Didi,MAYBE,Elder sister (Hindi),Hindi,,EASY
Diya,YES,Lamp (Sanskrit),Sanskrit,,EASY
Elan,MAYBE,"Oak tree (Celtic), Light (Hebrew), Resembles 'Ilhan' meaning first rain (Sanskrit/Hindi)",Celtic/Hebrew/Resembles Sanskrit/Hindi,,EASY
Eri,MAYBE,"Eagle (Old Norse), Anger/Rage (Hindi - a form of Ira)",Could be Norse or related to Ira in Hindi,,EASY
Esa,MAYBE,Desire (Sanskrit),Sanskrit,,EASY
Giyan,MAYBE,Knowledge (combination of Gyan),Related to Gyan/Jnana,,EASY
Gurman,YES,Heart of the Guru,Punjabi/Sikh,,EASY
Hamsa,YES,Swan (Sanskrit),Sanskrit,,EASY
Hasti,YES,Existence (Sanskrit),Sanskrit,,EASY
Jivan,YES,Life (Sanskrit),Sanskrit,"J will be pronounced as Y, softening to Yiwan. V will also soften to W. Yiwan -> Yiwan.",MODERATE
Kai,MAYBE,"Ocean/sea (Hawaiian), Could also be related to Kaal/Kali","Multiple origins, possible Hindu connection",,EASY
Kala,YES,Black/Art (Sanskrit),Sanskrit,,EASY
Kalani,MAYBE,Combination of Kala and other roots (Hawaiian/Sanskrit),Possible combination of Hawaiian and Sanskrit. Hawaiian name for Kala,,EASY
Kali,YES,The black one (Sanskrit),Sanskrit - Name of a Hindu Goddess,,EASY
Kalki,YES,Tenth and final avatar of Vishnu (Sanskrit),Sanskrit,,EASY
Kami,YES,Loving (Sanskrit),Sanskrit,,EASY
Kani,YES,Girl (Tamil),Tamil,,EASY
Kanna,YES,Krishna (Telugu),Telugu - Pet name for Krishna,,EASY
Kar,MAYBE,Ray of light (possible derivation from Sanskrit),Possible short form/related to names like Kiran or Karam.,,EASY
Karam,MAYBE,"Grace, kindness (Arabic/Persian, but Karma could be origin)","While common in Arabic/Persian, could have origins in Karma.",,EASY
Karma,YES,"Fate, destiny (Sanskrit)",Sanskrit,,EASY
Kavin,YES,Handsome (Tamil),Tamil,,EASY
Kay,MAYBE,Pure (Could be related to Hindu Names).,Could be a short form of Hindu origin names like Kavya or Kaya,,EASY
Kaya,YES,Body (Sanskrit),Sanskrit,,EASY
Kayra,YES,"Peaceful, shining (Sanskrit Origin)","Likely Sanskrit origin, meaning 'peaceful'.",,EASY
Kes,MAYBE,Hair (Sanskrit - Kesha),Possibly related to Kesha (hair) or Keshav (another name for Krishna).,,EASY
Kiran,YES,Ray of light (Sanskrit),Sanskrit,,EASY
Kirin,MAYBE,"Ray of Light, Variant of Kiran (Sanskrit)",Variant of Kiran,,EASY
Lali,MAYBE,Beloved girl,"Derived from Sanskrit, related to Lakshmi; also found in other cultures",,EASY
Lavan,YES,Salt (Sanskrit),Sanskrit,,EASY
Lian,MAYBE,Lotus,"Related to lotus, may also be of Chinese or Western origin",,EASY
Lok,YES,"World, realm (Sanskrit)",Sanskrit,,EASY
Lotus,YES,"Lotus flower (English, from Sanskrit)",Sanskrit origin,,EASY
Maitri,YES,"Friendship, kindness (Sanskrit)",Sanskrit,,EASY
Mali,MAYBE,Flower (Sanskrit),Sanskrit origin,,EASY
Malli,YES,Jasmine (Telugu),Telugu,,EASY
Man,YES,Mind/thought (Sanskrit),Sanskrit,,EASY
Mang,YES,Auspicious (Hindi),Hindi,,EASY
Mani,YES,"Jewel, gem (Sanskrit)",Sanskrit,,EASY
Manjot,YES,Light of the mind (Punjabi),Punjabi,J will be pronounced as Y,MODERATE
Manni,MAYBE,,Could be a variation of Mani,,EASY
Manu,YES,The first man/progenitor of mankind (Sanskrit),Sanskrit,,EASY
Maru,MAYBE,,Name of a raga in Hindustani classical music; also a form of Hanuman.,,EASY
Masi,MAYBE,"Moon, aunt",Tamil/Telugu - Uncle's wife,,EASY
Mayan,YES,"Water source, illusion",Sanskrit origin,,EASY
Mihitha,YES,Sweetness,Sanskrit,aspirated h sound,MODERATE
Milan,MAYBE,"Union, meeting","Sanskrit origin, also Slavic",,EASY
Mir,MAYBE,Peace (Sanskrit),"Sanskrit, also Slavic/Persian",,EASY
Prana,YES,"Breath, life force (Sanskrit)",Sanskrit,,EASY
Purna,YES,"Complete, full (Sanskrit)",Sanskrit,,EASY
Rahil,MAYBE,"Traveler, wayfarer (Arabic/Sanskrit)",Arabic/Sanskrit,,EASY
Raja,YES,King (Sanskrit),Sanskrit,,EASY
Rajan,YES,King (Sanskrit),Sanskrit,,EASY
Raji,YES,"Shining, bright (Sanskrit)",Sanskrit,,EASY
Rama,YES,"Pleasing, charming; incarnation of Vishnu (Sanskrit)",Sanskrit,,EASY
Ran,YES,"Enjoying, delighted (Sanskrit)",Sanskrit,,EASY
Rani,YES,Queen (Sanskrit),Sanskrit,,EASY
Ravi,YES,Sun (Sanskrit),Sanskrit,,EASY
Rayaan,MAYBE,,Could be related to 'Rayan' (gate of heaven in Islam) or Sanskrit words. Not definitively Hindu.,,EASY
Reddy,YES,Chief or leader,Common South Indian surname and sometimes used as a given name.,,EASY
Rehan,MAYBE,,Could be Islamic or have Sanskrit roots. Not definitively Hindu.,,EASY
Rei,MAYBE,,"Shortened form, could possibly have Sanskrit origins or be Japanese.",,EASY
Rhythm,MAYBE,Rhythm (English),"Word 'rhythm' has Sanskrit origins in the word 'rtha', meaning 'course'. However, it's primarily English.",,EASY
Rian,MAYBE,,"Possible Sanskrit origin, but also Irish.",,EASY
Rihan,MAYBE,,Could be Islamic or have Sanskrit roots. Not definitively Hindu.,,EASY
Rin,MAYBE,,"Can be found in several cultures, including Japanese and potentially Sanskrit derived forms.",,EASY
Riyan,MAYBE,,Could be related to 'Rayan' (gate of heaven in Islam) or Sanskrit words. Not definitively Hindu.,,EASY
Riyaan,MAYBE,,Could be related to 'Rayan' (gate of heaven in Islam) or Sanskrit words. Not definitively Hindu.,,EASY
Ro,MAYBE,,"Shortened form, could be part of Hindu names.",,EASY
Roma,MAYBE,,"Possible Sanskrit origin (related to Lakshmi), but also a European name.",,EASY
Romi,MAYBE,,"Can be a shortened form of Romila, or a Hindu name on its own. Also found in other cultures.",,EASY
Roshan,YES,"Bright, shining, radiant",Sanskrit,,EASY
Rudra,YES,"Fearsome, Lord Shiva",Sanskrit,,EASY
Ruhan,MAYBE,,"Can be Islamic or a variant of Ruhan, possibly of Sanskrit origin",,EASY
Ruhi,YES,Soul,Sanskrit,,EASY
Rumi,MAYBE,,"More commonly associated with Islamic mysticism, but could potentially derive from Sanskrit.",,EASY
Sa,MAYBE,,Shortened form; can be found within some Hindu names.,,EASY
Sada,MAYBE,,"Simple word, could potentially have Sanskrit roots, not common",,EASY
Sai,YES,Divine,"Sanskrit, name of a deity, especially associated with Sai Baba.",,EASY
Sakhi,YES,Friend,Sanskrit,,EASY
Samar,MAYBE,,"Arabic origin, but sounds like Samara, and can be found as part of Hindu names.",,EASY
Samara,MAYBE,,"Sanskrit origin, but also Arabic. Could be associated with the Samara Chakra.",,EASY
Sameer,YES,"Wind, air",Sanskrit,,EASY
Sami,MAYBE,,Can be a shortened form of Hindu names like Swamy. Also found in other cultures.,,EASY
San,MAYBE,A name of Shani Dev (Saturn),Sanskrit,,EASY
Sana,MAYBE,"Praise, Adoration","Arabic origin, also has possible Sanskrit connection (Sun)",,EASY
Sanam,MAYBE,Beloved,Persian/Hindi/Urdu,,EASY
Sandi,MAYBE,Could be a diminutive of Sandhya,Possible Sanskrit link,,EASY
Sasi,YES,Moon,Sanskrit,,EASY
Satya,YES,Truth,Sanskrit,,EASY
Sehaj,YES,"Easy, natural","Punjabi/Sikh origin, used in Hindu families",,EASY
Sena,MAYBE,Army,"Sanskrit origin, also exists in other cultures",,EASY
Seva,YES,Service,Sanskrit,,EASY
Shah,MAYBE,King,"Persian origin, also used in Indian subcontinent",,EASY
Shaheen,MAYBE,Falcon,"Persian origin, used in Indian subcontinent",,EASY
Shahi,MAYBE,Royal,"Persian origin, used in Indian subcontinent",,EASY
Shahin,MAYBE,Falcon,"Persian origin, used in Indian subcontinent",,EASY
Shakthi,YES,"Power, energy",Sanskrit,Aspirated 'th',HARD
Shiva,YES,"Auspicious, Lord Shiva",Sanskrit,,EASY
Shaam,MAYBE,Evening,"Arabic/Persian origin, used in Indian subcontinent",,EASY
Sifat,MAYBE,Quality,"Arabic/Urdu/Punjabi origin, used in Indian subcontinent",,EASY
Sika,YES,Flame,Sanskrit,,EASY
Simar,YES,Remembering,"Punjabi/Sikh origin, used in Hindu families",Retroflex R might be difficult,MODERATE
Siva,YES,"Auspicious, Lord Shiva",Sanskrit,,EASY
Sivan,YES,Name of a month in the Hindu calendar,Sanskrit,,EASY
Siya,YES,Goddess Sita,Hindi,,EASY
Sohan,YES,Handsome,Hindi,,EASY
Soma,YES,"Lunar, Moon",Sanskrit,,EASY
Sonam,YES,"Merit, virtue (Tibetan)","Tibetan origin, common in Himalayan regions with Hindu influence",,EASY
Sree,YES,"Goddess Lakshmi, radiance, wealth",Tamil/Sanskrit,,EASY
Sri,YES,"Goddess Lakshmi, radiance, wealth",Sanskrit,,EASY
Su,MAYBE,"Good, auspicious",Prefix in Sanskrit words,,EASY
Suman,YES,"Well-disposed, benevolent",Sanskrit,,EASY
Suriya,YES,Sun,Tamil,,EASY
Surya,YES,Sun,Sanskrit,,EASY
Tan,MAYBE,Body,Sanskrit,,EASY
Thanusha,YES,A blessing,"Hindu, possibly a variant of Dhanusha (bow)",Aspirated 'Th' sound,MODERATE
Tri,YES,Three,Sanskrit,,EASY
Um,MAYBE,Symbol of divinity,Seed syllable of Shiva (Om),,EASY
Uni,MAYBE,"One, unit, single",Sanskrit prefix,,EASY
Van,MAYBE,"Forest, desire",Sanskrit,,EASY
Veera,MAYBE,Brave (Sanskrit),Sanskrit,,EASY
Vivan,MAYBE,Full of life,Could be considered of Sanskrit origin,,EASY
Zia,MAYBE,"Light, Splendor",Persian/Arabic origin; some usage in India.,,EASY
Aaria,MAYBE,Noble,"Possible Sanskrit origin, but also used in other cultures.",,EASY
Aarya,YES,Noble,Sanskrit,,EASY
